SET SQL_MODE="NO_AUTO_VALUE_ON_ZERO";
SET time_zone = "+00:00";

--
-- Databáze: `smartfine`
--
CREATE DATABASE `smartfine` DEFAULT CHARACTER SET cp1250 COLLATE cp1250_general_ci;
USE `smartfine`;

-- --------------------------------------------------------

--
-- Struktura tabulky `associations`
--

CREATE TABLE IF NOT EXISTS `associations` (
  `DEVICE` int(10) unsigned NOT NULL,
  `POLICEMAN` int(10) unsigned NOT NULL,
  PRIMARY KEY (`DEVICE`,`POLICEMAN`),
  KEY `FKASSOCPOLICEMAN` (`POLICEMAN`)
) ENGINE=InnoDB DEFAULT CHARSET=cp1250 COMMENT='Tabulka asociací mezi policisty a mobilními zařízeními.';

--
-- Vypisuji data pro tabulku `associations`
--

INSERT INTO `associations` (`DEVICE`, `POLICEMAN`) VALUES
(1, 1),
(2, 1),
(3, 1),
(1, 2),
(2, 2),
(3, 2),
(1, 3),
(2, 3),
(1, 4),
(4, 5),
(5, 5),
(4, 6),
(5, 7);

-- --------------------------------------------------------

--
-- Struktura tabulky `geolocation`
--

CREATE TABLE IF NOT EXISTS `geolocation` (
  `ID` int(10) unsigned NOT NULL AUTO_INCREMENT,
  `TIME` datetime NOT NULL,
  `LONGTITUDE` double NOT NULL,
  `LATITUDE` double NOT NULL,
  `BADGENUMBER` int(11) NOT NULL,
  PRIMARY KEY (`ID`),
  KEY `FKGEOLOCATIONBADGENUMBER` (`BADGENUMBER`)
) ENGINE=InnoDB  DEFAULT CHARSET=cp1250 AUTO_INCREMENT=101 ;

--
-- Vypisuji data pro tabulku `geolocation`
--

INSERT INTO `geolocation` (`ID`, `TIME`, `LONGTITUDE`, `LATITUDE`, `BADGENUMBER`) VALUES
(1, '2012-05-20 00:00:00', 14.3954113888889, 50.1005641666667, 234567),
(2, '2012-05-20 00:00:30', 14.395739998888901, 50.10084068244702, 234567),
(3, '2012-05-20 00:01:00', 14.396068608888902, 50.10086297089413, 234567),
(4, '2012-05-20 00:01:30', 14.3963972188889, 50.10061054011255, 234567),
(5, '2012-05-20 00:02:00', 14.3967258288889, 50.100315473798716, 234567),
(6, '2012-05-20 00:02:30', 14.397054438888901, 50.100249054560805, 234567),
(7, '2012-05-20 00:03:00', 14.397383048888901, 50.100472347939835, 234567),
(8, '2012-05-20 00:03:30', 14.3977116588889, 50.10078005903291, 234567),
(9, '2012-05-20 00:04:00', 14.3980402688889, 50.100889279680125, 234567),
(10, '2012-05-20 00:04:30', 14.3983688788889, 50.10069959292213, 234567),
(11, '2012-05-20 00:05:00', 14.398697488888901, 50.100385395889454, 234567),
(12, '2012-05-20 00:05:30', 14.399026098888902, 50.10023555988493, 234567),
(13, '2012-05-20 00:06:00', 14.3993547088889, 50.10038784344012, 234567),
(14, '2012-05-20 00:06:30', 14.3996833188889, 50.10070223775667, 234567),
(15, '2012-05-20 00:07:00', 14.400011928888901, 50.100889690149856, 234567),
(16, '2012-05-20 00:07:30', 14.400340538888901, 50.100777857753855, 234567),
(17, '2012-05-20 00:08:00', 14.4006691488889, 50.10046955875781, 234567),
(18, '2012-05-20 00:08:30', 14.4009977588889, 50.100248241836894, 234567),
(19, '2012-05-20 00:09:00', 14.4013263688889, 50.10031738474754, 234567),
(20, '2012-05-20 00:09:30', 14.401654978888901, 50.10061341781657, 234567),
(21, '2012-05-20 00:10:00', 14.401983588888902, 50.10086416960554, 234567),
(22, '2012-05-20 00:10:30', 14.4023121988889, 50.10083910007608, 234567),
(23, '2012-05-20 00:11:00', 14.4026408088889, 50.100561258037956, 234567),
(24, '2012-05-20 00:11:30', 14.402969418888901, 50.10028609017969, 234567),
(25, '2012-05-20 00:12:00', 14.403298028888901, 50.10026658456116, 234567),
(26, '2012-05-20 00:12:30', 14.4036266388889, 50.1005206745581, 234567),
(27, '2012-05-20 00:13:00', 14.4039552488889, 50.10081475099911, 234567),
(28, '2012-05-20 00:13:30', 14.4042838588889, 50.100878441360535, 234567),
(29, '2012-05-20 00:14:00', 14.404612468888901, 50.1006531890178, 234567),
(30, '2012-05-20 00:14:30', 14.404941078888902, 50.10034608993601, 234567),
(31, '2012-05-20 00:15:00', 14.4052696888889, 50.100239489594706, 234567),
(32, '2012-05-20 00:15:30', 14.4055982988889, 50.10043139585607, 234567),
(33, '2012-05-20 00:16:00', 14.405926908888901, 50.10074537098842, 234567),
(34, '2012-05-20 00:16:30', 14.406255518888901, 50.10089274770305, 234567),
(35, '2012-05-20 00:17:00', 14.4065841288889, 50.100738028528184, 234567),
(36, '2012-05-20 00:17:30', 14.4069127388889, 50.10042346155968, 234567),
(37, '2012-05-20 00:18:00', 14.4072413488889, 50.10023825821767, 234567),
(38, '2012-05-20 00:18:30', 14.407569958888901, 50.1003526936007, 234567),
(39, '2012-05-20 00:19:00', 14.407898568888902, 50.10066155634535, 234567),
(40, '2012-05-20 00:19:30', 14.4082271788889, 50.10088087946859, 234567),
(41, '2012-05-20 00:20:00', 14.4085557888889, 50.100809018302364, 234567),
(42, '2012-05-20 00:20:30', 14.408884398888901, 50.10051204167151, 234567),
(43, '2012-05-20 00:21:00', 14.409213008888901, 50.10026298852084, 234567),
(44, '2012-05-20 00:21:30', 14.4095416188889, 50.10029083716852, 234567),
(45, '2012-05-20 00:22:00', 14.4098702288889, 50.10056998369631, 234567),
(46, '2012-05-20 00:22:30', 14.4101988388889, 50.100843782073895, 234567),
(47, '2012-05-20 00:23:00', 14.410527448888901, 50.100860503335625, 234567),
(48, '2012-05-20 00:23:30', 14.410856058888902, 50.100604774030565, 234567),
(49, '2012-05-20 00:24:00', 14.4111846688889, 50.100311710502446, 234567),
(50, '2012-05-20 00:24:30', 14.4115132788889, 50.100250754007476, 234567),
(51, '2012-05-20 00:25:00', 14.411841888888901, 50.10047794766602, 234567),
(52, '2012-05-20 00:25:30', 14.412170498888901, 50.10078441067618, 234567),
(53, '2012-05-20 00:26:00', 14.4124991088889, 50.10088838235972, 234567),
(54, '2012-05-20 00:26:30', 14.4128277188889, 50.1006942716303, 234567),
(55, '2012-05-20 00:27:00', 14.4131563288889, 50.10038054299736, 234567),
(56, '2012-05-20 00:27:30', 14.413484938888901, 50.100235637119184, 234567),
(57, '2012-05-20 00:28:00', 14.413813548888902, 50.1003927797919, 234567),
(58, '2012-05-20 00:28:30', 14.4141421588889, 50.10070749476692, 234567),
(59, '2012-05-20 00:29:00', 14.4144707688889, 50.10089043454759, 234567),
(60, '2012-05-20 00:29:30', 14.414799378888901, 50.10077340514323, 234567),
(61, '2012-05-20 00:30:00', 14.415127988888901, 50.1004640028485, 234567),
(62, '2012-05-20 00:30:30', 14.4154565988889, 50.1002466907063, 234567),
(63, '2012-05-20 00:31:00', 14.4157852088889, 50.10032126449797, 234567),
(64, '2012-05-20 00:31:30', 14.4161138188889, 50.100619161423374, 234567),
(65, '2012-05-20 00:32:00', 14.416442428888901, 50.10086649642311, 234567),
(66, '2012-05-20 00:32:30', 14.416771038888902, 50.10083587083907, 234567),
(67, '2012-05-20 00:33:00', 14.4170996488889, 50.100555441691974, 234567),
(68, '2012-05-20 00:33:30', 14.4174282588889, 50.10028303424641, 234567),
(69, '2012-05-20 00:34:00', 14.417756868888901, 50.10026909865155, 234567),
(70, '2012-05-20 00:34:30', 14.418085478888901, 50.10052644722904, 234567),
(71, '2012-05-20 00:35:00', 14.4184140888889, 50.10081847488357, 234567),
(72, '2012-05-20 00:35:30', 14.4187426988889, 50.10087669273631, 234567),
(73, '2012-05-20 00:36:00', 14.4190713088889, 50.100647575561936, 234567),
(74, '2012-05-20 00:36:30', 14.419399918888901, 50.100341772633946, 234567),
(75, '2012-05-20 00:37:00', 14.419728528888902, 50.100240437754046, 234567),
(76, '2012-05-20 00:37:30', 14.4200571388889, 50.100436737743486, 234567),
(77, '2012-05-20 00:38:00', 14.4203857488889, 50.10075019529726, 234567),
(78, '2012-05-20 00:38:30', 14.420714358888901, 50.10089261898601, 234567),
(79, '2012-05-20 00:39:00', 14.421042968888901, 50.10073306512712, 234567),
(80, '2012-05-20 00:39:30', 14.4213715788889, 50.10041822680264, 234567),
(81, '2012-05-20 00:40:00', 14.4217001888889, 50.100237564916135, 234567),
(82, '2012-05-20 00:40:30', 14.4220287988889, 50.1003571791729, 234567),
(83, '2012-05-20 00:41:00', 14.422357408888901, 50.100667096776895, 234567),
(84, '2012-05-20 00:41:30', 14.422686018888902, 50.10088238091226, 234567),
(85, '2012-05-20 00:42:00', 14.4230146288889, 50.10080510033778, 234567),
(86, '2012-05-20 00:42:30', 14.4233432388889, 50.10050630645723, 234567),
(87, '2012-05-20 00:43:00', 14.423671848888901, 50.10026070898643, 234567),
(88, '2012-05-20 00:43:30', 14.424000458888901, 50.1002941091074, 234567),
(89, '2012-05-20 00:44:00', 14.4243290688889, 50.10057579890296, 234567),
(90, '2012-05-20 00:44:30', 14.4246576788889, 50.100846794074144, 234567),
(91, '2012-05-20 00:45:00', 14.4249862888889, 50.100857942910324, 234567),
(92, '2012-05-20 00:45:30', 14.425314898888901, 50.10059899522294, 234567),
(93, '2012-05-20 00:46:00', 14.425643508888902, 50.100308026321564, 234567),
(94, '2012-05-20 00:46:30', 14.4259721188889, 50.100252551672256, 234567),
(95, '2012-05-20 00:47:00', 14.4263007288889, 50.100483574411754, 234567),
(96, '2012-05-20 00:47:30', 14.426629338888901, 50.10078869329878, 234567),
(97, '2012-05-20 00:48:00', 14.426957948888901, 50.100887383435726, 234567),
(98, '2012-05-20 00:48:30', 14.4272865588889, 50.100688909565825, 234567),
(99, '2012-05-20 00:49:00', 14.4276151688889, 50.10037574764974, 234567),
(100, '2012-05-20 00:49:30', 14.427943778888901, 50.10023581730892, 234567);

-- --------------------------------------------------------

--
-- Struktura tabulky `mobiledevices`
--

CREATE TABLE IF NOT EXISTS `mobiledevices` (
  `ID` int(10) unsigned NOT NULL AUTO_INCREMENT,
  `IMEI` char(15) NOT NULL COMMENT 'Číslo IMEI mobilního zařízení.',
  `NAME` varchar(20) NOT NULL COMMENT 'Název mobilního zařízení',
  `DESCRIPTION` varchar(255) NOT NULL DEFAULT '' COMMENT 'Popis mobilního zařízení',
  `OFFICE` int(10) unsigned NOT NULL COMMENT 'Služebna, kde je zařízení registrované.',
  `BLOCKED` tinyint(1) NOT NULL DEFAULT '0' COMMENT 'Určuje, zda není zařízení blokováno.',
  PRIMARY KEY (`ID`),
  UNIQUE KEY `IMEI` (`IMEI`),
  KEY `FKMOBILEDEVICESOFFICE` (`OFFICE`)
) ENGINE=InnoDB  DEFAULT CHARSET=cp1250 COMMENT='Tabulka mobilních zařízení.' AUTO_INCREMENT=6 ;

--
-- Vypisuji data pro tabulku `mobiledevices`
--

INSERT INTO `mobiledevices` (`ID`, `IMEI`, `NAME`, `DESCRIPTION`, `OFFICE`, `BLOCKED`) VALUES
(1, '012345678901234', 'RAZR MAXX', 'Motorola RAZR MAXX', 1, 0),
(2, '123456789012345', 'Ascend G300', 'Huawei Ascend G300', 1, 0),
(3, '234567890123456', 'Ideos X1', 'Huawei Ideos X1', 1, 1),
(4, '345678901234567', 'Galaxy mini 2', 'Samsung Galaxy mini 2', 2, 0),
(5, '456789012345678', 'Ascend D Quad XL', 'Huawei Ascend D Quad XL', 2, 0);

-- --------------------------------------------------------

--
-- Struktura tabulky `offices`
--

CREATE TABLE IF NOT EXISTS `offices` (
  `ID` int(10) unsigned NOT NULL AUTO_INCREMENT,
  `CHIEF` int(10) unsigned NOT NULL COMMENT 'Vedoucí služebny.',
  PRIMARY KEY (`ID`),
  KEY `FKOFFICECHIEF` (`CHIEF`)
) ENGINE=InnoDB  DEFAULT CHARSET=cp1250 COMMENT='Tabulka policejních služeben.' AUTO_INCREMENT=3 ;

--
-- Vypisuji data pro tabulku `offices`
--

INSERT INTO `offices` (`ID`, `CHIEF`) VALUES
(1, 1),
(2, 5);

-- --------------------------------------------------------

--
-- Struktura tabulky `policemen`
--

CREATE TABLE IF NOT EXISTS `policemen` (
  `ID` int(10) unsigned NOT NULL AUTO_INCREMENT,
  `FIRSTNAME` varchar(20) NOT NULL COMMENT 'Jméno.',
  `LASTNAME` varchar(20) NOT NULL COMMENT 'Příjmení.',
  `BADGENUMBER` int(11) NOT NULL COMMENT 'Služební číslo.',
  `PIN` int(11) NOT NULL COMMENT 'PIN.',
  `PERMISSIONS` int(10) unsigned NOT NULL DEFAULT '0' COMMENT 'Oprávnění.',
  `OFFICE` int(10) unsigned DEFAULT NULL COMMENT 'Policejní služebna.',
  PRIMARY KEY (`ID`),
  UNIQUE KEY `BADGENUMBER` (`BADGENUMBER`),
  KEY `FKPOLICEMENOFFICE` (`OFFICE`)
) ENGINE=InnoDB  DEFAULT CHARSET=cp1250 COMMENT='Tabulka policistů.' AUTO_INCREMENT=9 ;

--
-- Vypisuji data pro tabulku `policemen`
--

INSERT INTO `policemen` (`ID`, `FIRSTNAME`, `LASTNAME`, `BADGENUMBER`, `PIN`, `PERMISSIONS`, `OFFICE`) VALUES
(1, 'Břetislav', 'Kubát', 123456, 54321, 127, 1),
(2, 'Rudolf', 'Pekař', 234567, 54321, 3, 1),
(3, 'Libor', 'Krejcárek', 345678, 54321, 3, 1),
(4, 'Kamil', 'Hamřík', 456789, 54321, 3, 1),
(5, 'Ivan', 'Tomeček', 987654, 56789, 127, 2),
(6, 'Rudolf', 'Uhlíř', 876543, 56789, 3, 2),
(7, 'Tomáš', 'Benkovský', 765432, 56789, 3, 2),
(8, 'Oliver', 'Hajn', 654321, 56789, 3, 2);

-- --------------------------------------------------------

--
-- Struktura tabulky `smsparking`
--

CREATE TABLE IF NOT EXISTS `smsparking` (
  `ID` int(10) unsigned NOT NULL AUTO_INCREMENT COMMENT 'ID',
  `VRP` varchar(10) NOT NULL COMMENT 'SPZ',
  `SINCE` datetime NOT NULL COMMENT 'Od kdy lze parkovat.',
  `UNTIL` datetime NOT NULL COMMENT 'Do kdy lze parkovat.',
  PRIMARY KEY (`ID`)
) ENGINE=InnoDB  DEFAULT CHARSET=cp1250 COMMENT='Tabulka pro záznam placeného parkování pomocí SMS.' AUTO_INCREMENT=37 ;

--
-- Vypisuji data pro tabulku `smsparking`
--

INSERT INTO `smsparking` (`ID`, `VRP`, `SINCE`, `UNTIL`) VALUES
(1, 'UOJ8022', '2012-05-25 00:00:00', '2012-05-25 12:00:00'),
(2, 'BNJ6388', '2012-05-25 12:00:00', '2012-05-25 23:59:59'),
(3, 'AZK7654', '2012-05-26 00:00:00', '2012-05-26 12:00:00'),
(4, 'AHJ4612', '2012-05-26 12:00:00', '2012-05-26 23:59:59'),
(5, '8A82211', '2012-05-27 00:00:00', '2012-05-27 12:00:00'),
(6, '8A28282', '2012-05-27 12:00:00', '2012-05-27 23:59:59'),
(7, '7S82487', '2012-05-28 00:00:00', '2012-05-28 12:00:00'),
(8, '7S73938', '2012-05-28 12:00:00', '2012-05-28 23:59:59'),
(9, '7A76995', '2012-05-29 00:00:00', '2012-05-29 12:00:00'),
(10, '6T86263', '2012-05-29 12:00:00', '2012-05-29 23:59:59'),
(11, '6T03222', '2012-05-30 00:00:00', '2012-05-30 12:00:00'),
(12, '6T00025', '2012-05-30 12:00:00', '2012-05-30 23:59:59'),
(13, '6B89195', '2012-05-31 00:00:00', '2012-05-31 12:00:00'),
(14, '6A14607', '2012-05-31 12:00:00', '2012-05-31 23:59:59'),
(15, '5B05599', '2012-06-01 00:00:00', '2012-06-01 12:00:00'),
(16, '4C89742', '2012-06-01 12:00:00', '2012-06-01 23:59:59'),
(17, '4B35551', '2012-06-02 00:00:00', '2012-06-02 12:00:00'),
(18, '4A89735', '2012-06-02 12:00:00', '2012-06-02 23:59:59'),
(19, '3Z75999', '2012-06-03 00:00:00', '2012-06-03 12:00:00'),
(20, '3Z73128', '2012-06-03 12:00:00', '2012-06-03 23:59:59'),
(21, '3T32333', '2012-06-04 00:00:00', '2012-06-04 12:00:00'),
(22, '3M72960', '2012-06-04 12:00:00', '2012-06-04 23:59:59'),
(23, '3M56191', '2012-06-05 00:00:00', '2012-06-05 12:00:00'),
(24, '3H44044', '2012-06-05 12:00:00', '2012-06-05 23:59:59'),
(25, '3C74660', '2012-06-06 00:00:00', '2012-06-06 12:00:00'),
(26, '3B95184', '2012-06-06 12:00:00', '2012-06-06 23:59:59'),
(27, '3B54558', '2012-06-07 00:00:00', '2012-06-07 12:00:00'),
(28, '3B31723', '2012-06-07 12:00:00', '2012-06-07 23:59:59'),
(29, '2Z30709', '2012-06-08 00:00:00', '2012-06-08 12:00:00'),
(30, '2L08000', '2012-06-08 12:00:00', '2012-06-08 23:59:59'),
(31, '2K22202', '2012-06-09 00:00:00', '2012-06-09 12:00:00'),
(32, '2H68611', '2012-06-09 12:00:00', '2012-06-09 23:59:59'),
(33, '2AS1402', '2012-06-10 00:00:00', '2012-06-10 12:00:00'),
(34, '2AH9013', '2012-06-10 12:00:00', '2012-06-10 23:59:59'),
(35, '2AD7020', '2012-06-11 00:00:00', '2012-06-11 12:00:00'),
(36, '2AB4549', '2012-06-11 12:00:00', '2012-06-11 23:59:59');

-- --------------------------------------------------------

--
-- Struktura tabulky `spcblacklist`
--

CREATE TABLE IF NOT EXISTS `spcblacklist` (
  `ID` int(10) unsigned NOT NULL AUTO_INCREMENT,
  `SPCNUMBER` varchar(10) NOT NULL COMMENT 'Číslo PPK.',
  PRIMARY KEY (`ID`),
  UNIQUE KEY `SPCNUMBER` (`SPCNUMBER`)
) ENGINE=InnoDB  DEFAULT CHARSET=cp1250 COMMENT='Black list přenosných parkovacích karet.' AUTO_INCREMENT=7 ;

--
-- Vypisuji data pro tabulku `spcblacklist`
--

INSERT INTO `spcblacklist` (`ID`, `SPCNUMBER`) VALUES
(2, '1111111111'),
(3, '2222222222'),
(4, '3333333333'),
(5, '4444444444'),
(6, '5555555555'),
(1, '9876543210');

-- --------------------------------------------------------

--
-- Struktura tabulky `ticketphotos`
--

CREATE TABLE IF NOT EXISTS `ticketphotos` (
  `ID` int(10) unsigned NOT NULL AUTO_INCREMENT,
  `PHOTO` mediumblob NOT NULL,
  `TICKET` int(10) unsigned NOT NULL,
  PRIMARY KEY (`ID`),
  KEY `FKPHOTOSTICKET` (`TICKET`)
) ENGINE=InnoDB  DEFAULT CHARSET=cp1250 COMMENT='Tabulka fotografií k parkovacím lístkům.' AUTO_INCREMENT=6 ;

--
-- Vypisuji data pro tabulku `ticketphotos`
--

INSERT INTO `ticketphotos` (`ID`, `PHOTO`, `TICKET`) VALUES
(1, 0xffd8ffe000104a46494600010100000100010000fffe003b43524541544f523a2067642d6a7065672076312e3020287573696e6720494a47204a50454720763632292c207175616c697479203d2038350affdb0043000503040404030504040405050506070c08070707070f0b0b090c110f1212110f111113161c1713141a1511111821181a1d1d1f1f1f13172224221e241c1e1f1effdb0043010505050706070e08080e1e1411141e1e1e1e1e1e1e1e1e1e1e1e1e1e1e1e1e1e1e1e1e1e1e1e1e1e1e1e1e1e1e1e1e1e1e1e1e1e1e1e1e1e1e1e1e1e1e1e1e1effc0001108009d00d103012200021101031101ffc4001f0000010501010101010100000000000000000102030405060708090a0bffc400b5100002010303020403050504040000017d01020300041105122131410613516107227114328191a1082342b1c11552d1f02433627282090a161718191a25262728292a3435363738393a434445464748494a535455565758595a636465666768696a737475767778797a838485868788898a92939495969798999aa2a3a4a5a6a7a8a9aab2b3b4b5b6b7b8b9bac2c3c4c5c6c7c8c9cad2d3d4d5d6d7d8d9dae1e2e3e4e5e6e7e8e9eaf1f2f3f4f5f6f7f8f9faffc4001f0100030101010101010101010000000000000102030405060708090a0bffc400b51100020102040403040705040400010277000102031104052131061241510761711322328108144291a1b1c109233352f0156272d10a162434e125f11718191a262728292a35363738393a434445464748494a535455565758595a636465666768696a737475767778797a82838485868788898a92939495969798999aa2a3a4a5a6a7a8a9aab2b3b4b5b6b7b8b9bac2c3c4c5c6c7c8c9cad2d3d4d5d6d7d8d9dae2e3e4e5e6e7e8e9eaf2f3f4f5f6f7f8f9faffda000c03010002110311003f00f17d375fb2b8bd578f53211503344ebb07a704e2aac1e26d3ecaf6e5a4d6f509cbb03b360654e4fdded8aa10f8634f82ca1bad66eae2de290662552a6593fdd5c74f7240ab16da5f876da4f34681a95d230e0cf7a23c8fa2a8af7a2aab495923c96e945dee737e34d4e3d4659eeed647686599412c305b080723f0ae782a8b64946496665fcb15eb7a16a9e029626493c04ef1a36589b83273ebcd773e1d1f0ab548248e0d02c219214695ade7b61bf0064951ceee076e6b3960255a5cdce87f5d54a36e467cd6b21c050c4e3a7b52b3b73cf4afa124d4fe154bff001ede0c82e4766fb2aa034a64f024c762fc39b0f4f98853fa0a16533be9342799456f06786dcae34db38f93cc98efd769feb502298a3370a70adf211ef8ce7f9d7b67883c21a16bb66174fd1ffb26643ba368a5dc83a6411f403f2af3fd7bc25368b281a8e9d7622276a4f1c81a26fc7b7d0e0d456cb6b43b154730a53d16e71c8079593df9a743872e0e7e58d9bafa56d0d374f08d9b6bdda8324ab03815b9e1af0ac57463bdb7b396ee0910e04932ec1cff00163a74e86b3a780ad51da3a9b4b194a0af2d0e08bfca08e39e4fa549197665049e4f15ec307c3e92607cbb0d2d4765251b9f4cff008d63de689a769ba9456b7f650472895774525af9642f396c83e83a8a7532daf4f568ba38cc3557cb19ebe8ce26c67924cc36766f23873bb6fafb9e83f1ab8da45f6d3248d046ce7ee990e73e9d2ba4f16bda5b661d3824202ee592dcb609fc58823f5ae3a2d575492e961867323eec2e40393f957156a58b83e54e36f99d14a78692e6d596e6d36ecb0da60caaed20c8073dcd5d8de482dadeddc80f1c786008233b89feb5bb6f6460811eeee034cca0b2160a158f5fe139fcea036b6d3cacc2d54b1e09f3c81fcabb7054b134ea394ed6b7439f152c3ca0945d9f99857893dcc5e5c0bb9c9ce0103a5679d3afa360f25bbec5f998e471efd6bb5b7d1d55f7be95752a636af9399067e9b6aade68fa8fcdb344d4f630c00ba648c47e207f4acf1cb132adee2d3faf335c253a3ec6f297e2759e0c8af6d2d42dc33346c8a5017ce3e95d409030e09e3b57116de21d5ade14817c2baa92a0005ad6419c7fc069975e35b8b6212eb43ba81fa80f13a9fe55e8d3a91846ceff00733cba986a9395f4fbd7f989f122fefa3beb6b586e6686131ef3e5b150581ee6b1f41d675efb62dbda5c4f706660b876326d00f38cf03eb5766f1dda1602eb4c604f40f91f96e153da78e74743f25988c9ebb4a827f2ae6934ea7373d8e88d1a8a9f2f25fe68ee18a9ee4d40c376413c7d6b2b4bf13e957ce23432c6c7f89972a0f6048adbf2cf5c820f7af462e32574799384e9be592b333e5b6400809ee7355648a50dfeb0ed031b456bce99c1aab34593eb4a5145c66ec67ec6f6fca8ab5e59f43f9d151c85739e772df5cdc6aada85eb0967c12437fcb3ec001db1516a3acffa33e4f383839cf35d6dfdbe8d7d3ade430c32483868e51f2b0f438e7f2e47e9587a2d8693abeb377a76a7a63d8245182af05c1c039e31bb390477a55695483d1ee694e709ead6c73d65379565182fb772e48cf5cd5986f1a368de39195e360c8e8d86523a107b115dacff000e747bb8912d35cb98828c2f9912bff85636a5f0c356b6f9ec35cb1b84ee24468cfe99ac7d9578ad15cd3db5193d5d854be6bbb49351b6dab3c0035fc0830304f13a0fee927e603a139e878d1b0d4dae58b3b6e6639dc7bd67f81bc1be2e8bc470ddc296622b7931279b29093467874c6390cb91cfad77d1fc25d4e2d5677d2f55d363b177cc31dc2bb3c60ff09c601c1e0735d345d592bdac6159d28e97447a65ddca44117033ea0d6b437930568ae2149e1906d746190c3dc1e0d6958fc2dd7800d278cad2307aac3a6e71f8b49fd2b62dfe14c122017fe2ed75f3d4c022873f9293fad7a509bb59a3c4a949b9dd497f5f23cabc4de18b68ed6e6ef4581c2ba82f6cd9263c75287f887fb279f4f4af3db4d57fb36478ac6f77c0e73241923691dc03debeaed3fe14f83a0712cdfda57ac3afda75395813fee8207e9576f3e1bfc3db8816193c2ba6e17eeb2438704f5f9ba9ae5a949b77868ceea388e58f2d4f78f0cf0cf8a2c52c637bbd4ade0c8c10eca323e9d6b7ee6ffc2fe27d34e9f7f736b7b1e309245285960cf19563d3af7e3d6b7fc67f0c7c11a1e9efaa5bcf269847cb147e5acfe6bf64556e49fc78ea702b95d134dd40226a02c55bcb056329082b19e84a81d5bb6ec71db15bfbce3696a8cbdde7e7a6da7f239ad0be1d68379a84ab71e35d362d3626da27bc9c33bfb2c4a4703a649c1ed915ded8f807e15db98643e368ee26881085eee144407a8555036e7f13588d040721b680c7e6de809fad739aabc06e1c44abe5a9c03b719ae78e1614f5e53b1e32a555caa7b7647a85a7823e1f34c5e3f12e9d785b8db25da103fef971fad5dd1fc23a69d5ef12cd34ab7b7b7082dae02abfda0b0cb1004991b781cf5e6bca3c43a6d85b6976eca8ad24a36c870011c67eb9ae7ae96d427eee18d5b3c6d1d062a9da0f6338a7555d4cfa42e7c33a8b42628af6cd90fa40e9fa8726a83f87fc430e44335b37d2fa743fc8d7cf31dd5cc1cdade5d4040ff9673b2ff235ada7f893c4d0aaf91e27d5e27ce02b5cb30ffc7a97b74ba0beab37b33db059f8c10ed8d23627b9d49d87eaa7f9545a4deeb135f386d4e2d55623b65b7b1b50f1c67b86b872ab9f503247a579878a7c43e34874336d75e2d86ea0b8187448d564207246f500e3b1c1ef5dcea3e2092dfe1f693711d8db5b6fb487cab445fdc877c904aff105552707a9233571ab19332a9879412bf53a0b9992ec7cf6fa714ce3f770fda07fdfc6d899f6c9af3df19ea9f0d2d2e64b4d652de7b98ce24861b705d4fa1f2d140ffbecd79cf8e6dfc43a95daeaa75ebbb9789b7aa4b21511e391b40e07e02a8fc433f6c834af136c07fb4a0d9738e31711fcadf98c1fceb8f118a714ed1dbb9d743089b5ef6fd8eae4b3d0f50d124d7fe1ebdc446d89177a74849dea3b8525b9ef8c907d8d4be18f1125cdaee88b32a8cc90939641dcaf723f515e7be06d72e3c3be208350b7490dacc7cb9e303875ef8f523ad6dfc4ab393c3de23b7d774a908d3f511e6c6e87857ea403f4391f8d7246bfbbed12f54bf3477ba5cd2f6537e8defe8cf4a8eea39a21244e197b62b23c45ab8b2b42b06c92ee4212256e809fe26f60327f0ae46d7c4af347f2b25bce46d739c2b7bfb1accd4ace4d46496f9a58def72aa1924206c0319f424f3575315171f75dc9a781a8a5ef27627fed897fe867bdff00bf628ac6fec49ffbb27e428ae4f6b2fe99d3ec0d0b1bfb5b49030d3609947f0ccece3f9d4b7faa9bc40ab0ada9ec60f96924d2a145e2e13e878355e38137edcb37e15d96a8958c3dc6ee5fd3b5dbfb45dab307ff007d71fcab7b4ef16485944f6edf58db3fa1c573f0d98da77aa2823f89aa7896de11f34b08e3a85c9ad61ceba984d41f43d2b4dd718421b122023203a11fcc5755a5f8822c66575540325b76d02bc52d7c456b62dfbbba9a561c796ae4a9f62a3358fe3ad7ef6ef495816da6b282e1c31dc36f98b83d07f77a7e55acf150a50bdef6305849549dad63ea3d17c4fa1dec9e5596b96734a3fe59a4eac7f2ae8a1d47670ce0fe95f01c5279722b46a559790c0e083eb9af5bf87bf166f74db41a7ebb25d5f44302de641be51fecb73cfb1eb5850cd233769ab175f2b9415e0ee7d5aba8db84f3259238d075666000aa7e24f1468fe1ed166d56feea331270a91b86795cf44519ea7f41926be6ef88fe2dd33c5fa2456fa7dc5e457f6d2074492065050901b3fa11f4c77ae590ceb0d9da4d34b28e123123e4282727e839c9fa62baa58a49d92b9cf1c136af2763dc34b92ebc73a97f6eea8cc2cd72b0c6a48455fee47df1fde7eac7e9c7665e0b78955447146830a3eea81e95e69a7ea167059010de490974c130ab281e98e9c562deea0cecccf23487046e79198fa7b576425a26cf3aa51954969b1d3fc43b8d2e4b7371653c6d74ae166788e41ce700e38cf079af3595c330c9c0cf3572f2edde331af09fdd1d33595237cc4e6b2a93bb3b70f4791589b54bb33901a467dbd3359b237ff5aa6739eb55e4ebc9ae79cafa9d74e3caac88e46c7ae2a22ec3b914f6dbce5c8fc2a09720e7a8ec7d6b093378ab91cf24b2a08b7331270a33dcd7a6fc72d49b41d3346d3213831fc9f773c47122f4fab1ae23c0f62353f1a68b62c32b25e465c7aaa9dc7f415a3fb43ea3f6af175adba90765b1908207592466fe5b6a27370a5297525c54eac60f6d59cdd9ebd1dd21b6d44ab4527ca5d4e1a3f7adb7b358fc07aee9ccd1de49a7c91ea16e41e02b655bf10066bcde606160785dc402b9ce39aef3e1d7fa46ad7fa6310cb79a5cb09f42463ffaf5c94abcaa5e32dce8a94553f7a3b1c2de6ab7979188679498c1c841c0cf4cfd6bd23c093af8a7c017be1dba21eeac4f996c5bb0fe1fc8f1f435c3f853c2bab7886fd6d6c6d99db8dcc78541eac7b0fe7db35ed5e1bf0f685e069e0b6372b3eb57a8caaec383b464851d001eff00fd60b0746ac9b94b67a0f155a9c128c7e25aa3c364ba48a792399248a45255948c1523a8352c3791ab662b9287d738a77c4431af8c35168b389252dcfaf73f9826b13ecb398bcd20852370c9ea3dbd7a1e95e6ca0d49c5743d98e2538a7dce8bfb46e3fe7f87e7ff00d7a2b99d927afeb452bcfb8feb11ec7502f43c8c02ee61d77b7f8d56bad6ae2df0a23201e9cf14e8b59961bc92e74b85ad0b8c6d841200230464f38359fa8dc4b76dbae7603eaee01fc8735dd3af2b68cf363495f54366d6ef9fa384fa0aaf34b7539c992575f563c545e62a13b003ee063f9f3479b23f41cfd326b91d494b791ba828ec8dff000eea4fa7d85cdaac114c6e58163e42bba81fdd7232bf81a9353d592ee229a9379fb536c6a642eeb8181f31e807a0c573ade7e36176c1fe1dd5ea9f0cfe03f8c7c60b0de5dc7fd89a5be0fda2e94f98ebfec47c13f53815d34a5526b920ae6357d9c3df9bb1e528859b6a82589c281d4d7b0fc2ef817e3cf104b6da9ddc6be1cb0122c89737ca7cd620e72908f98ffc0b683eb5f497c36f853e0bf0308e5d374d4bdd49073a8de624901ff678c2ff00c071f535dfab80dbb2598f1b8f5fff0057b576d0cb7975a8cf36be697d29af99e4fe27f82aba9e8e2cad3591190e59bed10065978c0dc010411ce39e33f5af2dd57f67cf12da3b3c563697ab9ca9b3bad8ff005c38c7eb5f566e63919c50b1a0769028566c0660396c74c9ef5e8ca9425f123ce8626a43667c6373e07f1c6885c1b1d7a0441f2ab5bfda633f5d8580fcab367bfbb36cb197b7b7be5cf990dd46f167e9935f709553f78ee1ef58de23f09785bc45108b5cd074fbf51ca99621b97e8c3047e0692a6d691668b149bbc91f12dcdfeb70e0be9f6d2afac3213fe355bfb6dd0e2e6ca58b9e36b06afb22e7e15fc3f9edd2dcf866c915142ab2290f81d3e71f31fa939ae6353f813e0cbc964fb2b6ad60c8400c972595b8cf1bf764738fad64e955e92368e2a8ece27cd5617b637afb16f2384fa4bf293ec33d6b4a4b28d57e501bd0915eb5abfecea5d5bfb3fc451b8c70b7566ac7fefa52bfcab91d53e0f7c4ad122cd9dbda6b56f1f0a96d304902fb0381fad1fbc5f12fb8af694e4fdd97de70b756e173f215ff0077a567b8c74fff005d751068be29b8b99eca5f0c6a90dd40a1a48a68c46c013c11bb1b87b8cd44fe0ef135c3f97178775412f61e58007e24e2a251bec6b1959d9b353e07da197c5f73a96dca69d612480ffb6ff22ff36fcab85f8a7a82dcf8ff005761878e1956dd4e33811a85fe60d7bafc3bf095df84bc333aeab114d47539a3795106e10c6bf75491c67924f6e6be6cbf8afb57d7f50fb25bcf737135cc923246858805c9e715cf8ce68d28c56ecd30bcb3ab29744867db6dd983382c470328302bb5f83b6cfa9f8c5668af36a5a42d24a186094385da3b0ea2a61f05b5b36b14a359d395dd158c6cae0a92390783d2aef877e1c6bde1ebe5bd6d6e0451cc8b6c58170b860b9207048e6b1a346b4669ce3a1a55ad46506a32d4f5ab2834ed1ec058e956c96d00e4ed1f331eec4f527dcf3585a9cd04f7424c2031236662398d3f8b07b74151dcea52cd02029b19946e507386f415e75f1175f88e8573616770cd3cd2797318cfca1472cb91d7a807b72476af4abd75085cf3a851739fa9c2f89aeed6f3c573dc412092dcc9f238c8dc3d6af8bb516f92f820e73e6056cf27a91d4e0f51cd64258830a31404950721b18a57d3e67887952b107aa9af0554926ddb73dee58d92bec56df6bfdc6a29ff00d9375e828a8bcbb1a597729c93cd20c492bb0f76269868fc292b12c7236d39da1beb5d77c39f01f8a7c777c6d344b622d51b1717729d9043df93dcff00b2327f0e6b47e09f80a2f1bebd20beb958b4fb3dad3a2b6249727851e838e4fe5d723ebcd0b4db7d234e874fd3208ad2d215c2450f0aa3e9fd6bd3c0e05d6f7e5a23cdc6e3d50f763ac8e77e177c1af08f82fc9bc9e11ad6b0bc9bbb941b636ffa669c85fa9c9f7af53336e1b54f1dcd62c334e3195cfad5eb79370f435ef429429c79628f9ea9567565cd27765d43ed52a91deaba37bd48adeb5441303f5a50dc7b5460d2839ea7f0a9b0c9371e9c8146ef6eb4ccd1939f4a403cb71c5213c7a53320739c531999b80368f5a005791470793e82a160ce7e6e0761520503fc73504d2819c1e9d49e82a9210d9a511808a3731e8a3fcf02b2752d416db3b984937603eeafd3fc6a0d575658c34703649fbcfdcd7337572ce49249cd50d47ab1bab5d34c599d8963cd71c346d32c411a7d8c16c4b97668d7058939c93ebcf53f862b7eea6eb5cfdf6a0a89b63c336304f6e38aca696e6f0bec891ae56da2c31e7d3bd62ea57cf3fca318ea06781ee7fc6aa6a17d1c504b737132430c63324b21c2a8ff003d00eb5c4eafaa4dad215225b6d25880b19e26bc39e3701d17d1475f7ae7ab592d0e9a54398b3aaeb66fd6486ce7686c13227bd07065f558fd17d5bbf6f7e36ea68afb4f97c902388b011a0e02a03851fccfe350f8bf5442a74e848dcbc3aa1c24407f0f1d4faf61efdaa477c458471003e4c019efdebc8ab5d4a4d33d7a5479629a2dc69b4285e001819e9485c2642a211df19c135585d9f2c1c2eee98e6962ba5f9848a3fd9dbdcd61746dcacb1e73ff00b3f95155bcd5fef1a28e643b18a21e324fe552c56e483f29e3938ec2ad451ae0e10e7ae33daada81cb00a73fc278fc6b9d234723adf8696915b5cd9dc1bd364f23c921904854a84c01c8ff00817e75f43f857c4571346524663b402ace30587e15f345adc4f0946455711c7b5a07ea01c1ca9af4ef0178aac6eae0c725e3c67685f2a760a15bdbd0d7bd8292a71513c7c65373bc8f79b2d55180dff2d6b5b5cc6e06181fa1af3db5b920001ce3b063fd6b4a0b89300066527b93d7f1af4d4bb9e438763bc4907622a50def9ae4ed35499000c375695beab130f9815a6472b37558679a786cf02b363bd85f95914fe3561678c9e585160d4b60d00fa75a84386e8c0fd29dba958449d482dcd35dd554b33280064e7a62a296648a36791b6a8ea7afff00afe95997d74100b8ba3b55798e0cf7ec5bd4fb741ee79a120dcb975768b19776d918ee7827fc3f9d731ab6aed36638fe48fa6077aa9a9ea325cbe5db0bd973d2b2a59475241e29dcd146c4934a4f7acdbcba080e5aaf43134e092db53d7bd61f88f52d0b4f956daeef6d609dfeea49280cdf81a4da48a49b7646278875a86dad9e6b997ca854804e09c927007bf24573bafeb167a5592cf7b2901c911451f324c73d147f53c0fd2a9f8c7c410d95ea69f6561fda3a8c804b0c522fee6200f1237f7b047007a649f5e5a3826178d77793ff00686b128cb4ac7090afb76551ebc01ed5e7d5aeef647a14a82b2721f792deead7514fa9c5d1b369a6c6772c67d5bfbcd8ea4fe9d2b9ff00137883c93259d84cb2dc30db35d21c841dd233fa16efdb8e4c1e23d7936cb63a64c5c38db7177d0ca3baa7a27eaddf8e2b990303b57955ebf48b3d5a347acbee181493c55b46765557e42fa5449d41238fcaa647f9b041c7a57223a58e20af3ea7bd4a8768eff85467663238f6ce4d1b86dc64fd0d3113798bfdf3fa51517cbe83f3a29dc4695b8538678c32ae33ce33923838efef56561668df64236261b380485e9d4f4a895b6440f904e5be66270a4f61c53a69159368f317e5da439f4fa76ad1588771a6eae2ddd12eb79894958a453ca7b03dc7b1ab33986e6db336d75e9e7c7c7e0c3a8fe5e9507991a5aa46ea9367208639c13df03afe759b72b2c28cd6ceca08ce0364e3ea3ad6b1aae2acf52392e763e1ff0017f8b3c34516daeffb46c47fcb0b83b863fd96ea2baabcf8a7fdaf15a259ea173e1fbd8d9bcd86470219b238fde60f4c74600735e4767a9b4230c59327aaf20fd54ff4ad3592d6f612d2c2ae3192f11dd8f723a8ade9e2256b465f2663530f06ef289f4f781755bebef0e5bdc6a4f6d25df21e4b595595c7f0b7cb95c918ce3bd7490ce655f94a93efc1af902c21bab394cfa16af7168e7fe78ca549fc8d759a3fc47f1ee97228b8306a88bff3d136be3fde5c7eb5db4f196569a7ebb9c15302dbbc24bf23e975b8283f7aaf18fef751f98e2b36fbc610da5f9d3b4eb7b9d52f171e6242408e2c8ce1dcf438e70013ea064578c9f8e17d144827d018dc3160ca64daaa7f8086039f7040f63e90bea1756da7d94569379f3cf11b8b9f29b869646662323aff000f1f5ada18a849fba65f539c7e33df2c7c5f75b3377a25d458ef1ba38fc0641fd2ad45f10fc3a8eb15ede1b173d05d46d18ffbe88dbfad78d786ed755b90a75b9aeadedd06ed9122a9c63a9c904f1df9c55f96ff00c1f04d7a249af9a4b7b7924895f68f31803d183107d7ae71d2b7f69a5f632f611bd96be87abcbe37f0e9b34d4e4d62c1612bba0f32e117008fbc727a91f881c7526b87baf89fe1dd4bc436fa5dbde4b7735c3f96924711f283761938ebec08af9b350b3bbbd59afcb808aa1dc9eac4f3ff00d7ae97e0eda1bcf13b6a128252c212d93fdf6f947e9b8fe15e1d3ce2788aaa14d2dcf7aae434f0b4a552ac9eda7f5ea7bedc5f039c1cd32c835c4d963951c9ae5b57f105869a84dc4e0bf6893e673f85727e20f89da869b6521b082de07c7eefcc1bdcb76c8ce2bda9d68c3567850a139e913a3f8d1f114f862d8689a2b2beb13a6598722d90f723fbc7b0fc4f6cfcd97f3dddcddc9737b2c934f29dcf248db998fa9357352bfbabdbc9f50bd99a7bab872f2c8dd493fe7a557b768e79523b993cb8b78dd26dced5cf271df8ed5f3d8ac44abcb5dba1ef61b0f1a11b2dfa9e87a5ea53cbe1db5dee8b2c76e04d7121e23404e0b1fe43b9ae4bc43aff00dad1ac74fdf1da9ff5b231f9ee08eede8be8bf9e4d56d735737ca967688d6fa7c47f77193f339e9bdfd5bf41d07be581d706955aee4b950e9d149f3305e38c1a50ae4f4a177629cbbb1b4838f4ae5371caa4e7dbf4a5c617919f4a68cf618fc69e338cf53540265b18cfeb4a8c7396278f5a159986d2a2943762011ea6801fb87f73f5345377c5fdca298ac6e4650c04fce2507023ddc0c74355a6b9956528a857b056e8a7f1aade7637e001918c75a4de70555b8eb56e5726c492c99756382edce71d4e7f2a8de40253c123383d8e3d2992103ef0fcb8aaeec32c17773d067b54b90d21ad1a9942265b38db91827da8114913e63660ead80064303f4a8dc9cd5ab7bf644115cc42e220303270ea3d9bafe0722a5357d4ad475bea32a36eb8852600e0b64abffdf43bfd735b363a9d94c5522bf9ece46fe1ba8bcc41ff006d13e6ff00c72b3859c37c18d84e257ebe54c42cbf81e86a8496f2c332c4f1ba48480159719c9fd6b68d49c355aa33718cb43b148ef58165b14bf50325ed1c4c40f52a3e65ff00810159f6ad62b217b2ba96d24cf215881f956320b951bd124c29e594671fe15787886fdd425e3c77ca0600bb8d66207a06605947fba45742af17b997b26b63a06d5356318517515daafdd59806fc8f6a9755f105f5f68df6193478d5d061658b19c7f5eff5ac04d4b4690833e973da91c66caf1957ebb641213f811f854ab2694c07d9fc417b11f4bab21b47e28ec7ff001dad1d4524d7368fcffcc98d3e59295b55fd742596fef26b21651d94a8a782ccbb79f7ad2d1f537d0b4a7b417821333ef95a3fbce718033e83fa9ac3ba9e28ce3fb7d6e07fd3bdbb83f9b85feb50c9ae0b724e996ff6573ff2f0cfbe73f47c0dbff000bef9ae3c3d0a1856dc37febb1db8bc5d7c624aa6c8deba9e78f7497320d3830cfef06fb871ec99c8fab151e84d7237f379f7af8791d15895de727db351c97323067724b1e726abab100b679eb555abf3e8614e9729753c84b7f3242d23162be58e31820eecfe98aa38c3381d3a7eb5afa5da9b9b69eea5902436b1ee6e3a93d07d4d6520ea4fe558c93b266917ba054e338e9534414367f2c76a228c807e6ebf91a9563dc7048073dce3f5a9b0c69539218053d0e473446bf2e40c8079a91558a9eb85a19401c8c1f6a7615c63ed6ee05336a1ebc1edcd4be495c1dc403d0f6a047b9f0319f76c7eb4ac171bb369c14e7d69fc0e48c76269a3681b5864fb9a733b2a807047bd0045b07bfe7453f78fee2fe54500486260d920807d0507baae467b67ad498505b6b31f73d4d32768b0042aea40e72739a0081bdc9f5a8f208e99f5a94a16079038e9eb4d085b800b1140c89b27814c7183d73f4ab055b670318e08a618cf51db8eb52057c11ce791deb4ad759bc4411cd8b951f777fde5fa1aa4ca70490698c3a1c7eb4d36b60693dceab4fd5b4f95d446ff00659368cacdc213f5ff001c5694f0584f1afdb6cb8c7fad55ce47fbc2b8328001f3039eddc54d6b797967ff001ed73344339f95c807f0ada35bba329514f6675927866c2e977d95d94cf45639aa179e13d46152d16d94761d0fd2b323d72f95b73f95237f78a6d63f8ae2b4ed7c55320009990f7e438fe87f5aae6a52dd13cb563b339f9a39a298c32c4e8e0e0a91ce6b7347f09ead7f89a644b0b6ef35cfca3f05fbc7f2abe9e2f648c956883ab332b796727249fc3afad62ea9e21d42f890f3be0fa9a95ece3ab772af51e89584f1459e9f61771dad85e49765533348c001bbd001d3f3acc0098b81519249c93927bd491381c1ac9bbbb9aa5645a49ee3ec46dda4c43b81283f88f6cd3218c364b671db140dd339766ca93927d4d4ca40e31f4ec69ee2d87000aae0f278a92318cf99b483d011d7dfda852884329241ea0f6a59268c2edf2d4678fa55122798a07ca3e6ee41c647e149e785ce54904763d3fc2a329234db71bc9e7a8fe74f8d428c8dc1f3cfa03f514218b1a070a15f1b8f5270334e9a3788b090fdc1ce0835085f98040c727818ce69e24629b08c0e48c0a008e4233bb1f4e39a8d9db3d0727a53d436413903b1a9258c2e0ef6c95e723f4a9b0caf81edf90a2a6c45e87f31fe1452b013bac4acea3b71d73cd467247b66a4fe02c70491d48e4537ab0ce3f2a60208900ce460fbd3a40a02ed607bfcb4b9203c6c777193db26930a188209da3839c628b0114a14b0087b73c719a88ae39c31abf748b6ec625443955c311c8e074a8368dac4ff000a8349ab0932ba863c676f1fe453163662368e4f007a9f4ab0079c7e63f740149e58572b9e41c66958a2b491957231d386f6a5da553726cf94f5cf356e15264f2f20f99f2e58671cf6a66ddac3ee9c0eebd79c73eb4582e5454520ee60bc679cf34cd842923f9d5dba8ca2a65b71640c4e314e8200619e7cf3100718ebda8b026505898e4281903279a044481d2a750377d466a7994a9520801c8c8031ed4582e52f25b6ee20904f040eb562ded0392811da5246df4fad5ed2ad96ea595188531dbb4a0e3ae3b1aa60ee207f7b8fc3d29dada8af72448db692a091cf63ce2906e382719e9c8cd059b7b0070391b4138c549126f0e738dab9e9d6980c50bca923eb4e75408fb06fe9f30e8bf5151b30e30a338a91026d61b46e1d1a9888146739e2a4ddd7ae319f5a91901207e5ed518e5c76278a062338ce09247e5f8d4bb14c7bd81553d31d4fe151e014dd8e7de98b821f2281160ed3b437271fe4d47212c3a0f6e78a8b7927927f3ab0c8c141323107271e945c2c47b64f6fce8a7eff006fd68a433fffd9, 2),
(2, 0xffd8ffe000104a46494600010100000100010000fffe003b43524541544f523a2067642d6a7065672076312e3020287573696e6720494a47204a50454720763632292c207175616c697479203d2038350affdb0043000503040404030504040405050506070c08070707070f0b0b090c110f1212110f111113161c1713141a1511111821181a1d1d1f1f1f13172224221e241c1e1f1effdb0043010505050706070e08080e1e1411141e1e1e1e1e1e1e1e1e1e1e1e1e1e1e1e1e1e1e1e1e1e1e1e1e1e1e1e1e1e1e1e1e1e1e1e1e1e1e1e1e1e1e1e1e1e1e1e1e1effc0001108009d00d103012200021101031101ffc4001f0000010501010101010100000000000000000102030405060708090a0bffc400b5100002010303020403050504040000017d01020300041105122131410613516107227114328191a1082342b1c11552d1f02433627282090a161718191a25262728292a3435363738393a434445464748494a535455565758595a636465666768696a737475767778797a838485868788898a92939495969798999aa2a3a4a5a6a7a8a9aab2b3b4b5b6b7b8b9bac2c3c4c5c6c7c8c9cad2d3d4d5d6d7d8d9dae1e2e3e4e5e6e7e8e9eaf1f2f3f4f5f6f7f8f9faffc4001f0100030101010101010101010000000000000102030405060708090a0bffc400b51100020102040403040705040400010277000102031104052131061241510761711322328108144291a1b1c109233352f0156272d10a162434e125f11718191a262728292a35363738393a434445464748494a535455565758595a636465666768696a737475767778797a82838485868788898a92939495969798999aa2a3a4a5a6a7a8a9aab2b3b4b5b6b7b8b9bac2c3c4c5c6c7c8c9cad2d3d4d5d6d7d8d9dae2e3e4e5e6e7e8e9eaf2f3f4f5f6f7f8f9faffda000c03010002110311003f00f7bb68f233d71daafdbc647518f4a8edd46076e3b8ab4028e090335372ac4d691fef1781d457c4d716623f10dcc65d0a0924fdd88f07afafe35f6edb05de98e79af843c4da9dfc5e24d4d11846d1de4c8196319c0723b9f614d32668bf671c635c30846277139e368f949e9f87eb4eba927b7d64886261f758c81795e4f39c71c0f5ae5a5bed46524b4f2963d5948527f1033dea1ff4b6e18cac3d19d88aa52b13667b57837c63e27b7d562b5b5f106a4f1bc04141a84a5226e3e60a1f6e7ea0d7d53a72feedfd3ed13ffe8c6af873e12c12378ca1dd0c60792e72100f4afba2c17113903fe5bce7ff0022b544a454098283dba1e29464123029fb7b67f4a7a8c8e38a572cc8f14c76afe1ad592fef174fb46b29967ba7191021460d211dc28e7f0af08b1f8736d796f1db7833e24783f5c207c8ad761243f5086439fcabd8fe30e47c27f16f6ce8f74a31ef1b0feb5f04dc5bc534a5a660ee700e40cf031fd2aa2d912b753ddf5df851f142c1e59c784a0d4094d8d25bdeac808f64dcaddbd2bd4fe0a689aa69be1f862d674eb8b1b93a8a1f2a78590855b7278cf6c93ebdebe5af0ddef88f4b8124d17c45abe9aa4702d2f64887e4ac01afac7e0ceadae6af611beb57d3ddb4322ac6d336e6ff0052fb8e4f3c923f2a252ba145599e80625dd85c7b8f6a82481739dbf855d0873918e943a92303924e2a2e687cefe27f8c2da2f8d359d264498c3657b2dbae6dd254c23153d0c6c3a1eec6b4b43f8a7a2ebae96d15b473dc3600584ba3924e0009228049240e1cf5ae3bc57a07c2ff0011789757b9b3f1f6afa26a52ea3399d352d0669a2f34c8c5b63a055d9bb38258f18f5ad2f861f0c1b4cf13da6a7178c3c29aedbc3796f2afd8aef12a8462c731b7427e5c0c93c1a6e2ec4f3957e2c69f1de450eac960c2da6b778a559621be21b81e40ce395ed5c0785fc2f0cd0f9cb124c859be7232319fcb8e95f41ebf6aada2b17008f24b9c8f504d61685a25b59e82c55238a38a276c9e154283c9c64e38cf4acb96fb9aaa8e3b1c0c7e14668996d63823931c1f2c601f71576d3c22618504ab1abedcc8523c2e7b91ed5a775f0ffc51e21f0ce892685af6931dafd967f366b8b899f7f9970645285a324e142aee6c1c64743553fe15f3783f42d6359f16f8bf41874f3666d1ae2082694c2f2ba282c141241019781d4fa66a9404eab10e95a45bf171a8da447fe9a4a17f9d69d97862daead23bab6292c320ca488432b0f5047515c6e8765f0f3c55e2586c2d7e26aea3a9de4870b168572a5c852c7e670aa3853c9e38af78d074ab6b1f0c58d95acde7456f6c912ca53616c0c64af6cf5c51c9605519e729e11888dc63e7af4ae63c4c967a090f791c71c2f2347136c67666500b703a633eb5ee6b641b8da338af39f89ff0efc4be2eb7d2df438ed45bc2d70f2bcf36ccb3b8c63839e16a546eca73691e67ff00093687ea7ff014ff00f15456b7fc28cf1bff00cf7d17ff00034fff0013455f2233f6933ea0817b0e08ab6884800e31e95043819c0e3deae28dca3079aa1046986538c107b57c4be28d3248fc73ad24fb046350b9c02467fd6b57dbc172a067a0ac79bc3d33bc8f1f88b5f803b16f2c5fb3a0f60ad9007b74a71b2dc5257d8f88a1b343738134580ff7770cfd29fabdadbc326e7b84b71b4f24139fcabecdb9f06c939224d6e7981ff9f9d3eca6fd5a126b3ef3e19d8dd0c5cc1e1dbb1eb73e1cb527f340869de2434ec7cddf07218db5a8a44996e0189f6c8b900f2077e6beccd3466dc91d7ce9bff46b579edb7c30b7b070fa7693e1480a82079561730f0793f72e31cfd2bd07438afa0d3638f5192de5bbdced2bdbc6523259cb701893c03eb4a567b0e29adcb617a71cd2807bd3801ef4e51f28e6a4a38ff8c985f84fe2739e0e9ee0fe240feb5f12471e9f2b493243aab3231276dc6c0083dbe5afbb3e2369326b9e06d5b468a49236bc80461e38bcc65f981c85c8cf4e9915f36cbf03756b5b778e0d71b2ec4b09748bb5cf3fec44fdbdeb483b7532a8ae70da5c108d32dfc98dd2368c14566dc4023b9e327debea6f847008acdf03005c38c7fbb1463ff66af194f86fad58db5bc3f6dd2a5f29150995e783a000ff00ad856bdc3e194d6b13c9a70bdb19af034d706382e5252233e4a863b49c720f079a8699499db019c918c54912012a723ef0fe74cdb9aa9ac5c1b5d26fae9412d05b4b2003924aa1207e948b3f37f4fd5756bdb5d4af6df55921b9bbd4902b4929cb06f34ed1d7b95fcabd9bf66eb5beba0b71a95dc9732dbebaa9b9dcb03e5046efd8119af04d3ed6483c3b0457b6f3c43fb417cd56460c02c633c6323ef57d25fb2dda88bc2d6670479ba85eca32392040c01e7dd6ae5a232bdd9ebbe25554d0664046e16d83f8ad53d422487c1b7d21fba6c9f3ff0003523ff66ab7e314d96930c60318d463d37a8acef89723587c28d7254cf9aba7958f1ce5f8c0faf1594753591e73e3eb383c4baf7c30f0a6b091c935ee842e6e2ea5958b412347b9c8e79c988f535c678ded7c3fa27ecd3ae0f0e5ecf3dbea3e25b7b37335bf9641843cac01dc778c92777bd6f7c76b7f0f49f1ab4fb3d7e5b35d134cd023b5dd3b9113ca3cc2172bc93961d3f1ae1bc7c05bfece9e09d2dcba45a86b3797a2486312f9cd1a08b080302719392703a609aded65731e75cc51fd93ad7cef8b76971b4bfd96dae67c7fdb1641fac82bec6810476504601076286fae2be50fd97ad2dac3c4bafdfc905f432c3a4346249a104ed79149fdd8ff00567f779dcc4ae0118e78fa5edee350f3b4f8a69ee5269421996e2c47385cb0578f08bdf19cfe759d4d0d2124f63a01848ddce70a09cfd057c89f1fef205f89d7b149690ce638a188b1cee052255232083d735f5d4ca5ad9d4672ebb07d4f1fd6be37f897acbdf7c4ad592382cee6296fe4da26b75623321efc374c77a986acb96a8e5ffb36dbfe8103fefe1a2bd0b758ff00d03e3fc8ff008d15ad8c6c8f7c8ffe16920c8d7348973d0b5b20fe482acc77bf155149175e1b9401fc50383fa115a306a68554020e3dead417d1ef392076cd737b77fd23a7d8afe9b3321d5be2b019fb3784a4fac33827f29054abe20f89eb3b46da2786a43b73f234abc7e321ade86f202b92c38a58af6237b229704e06000334fdb0bd979b31d3c49f121464f83f4a948fee5e951fa9352af8cbc7312ee9fe1e42e4774d6157f9a1ae8e199b7025be4ee314ebddcf6e78e03038dd8039aa7534d89f67e6ff00af91809e39f1600af27c36b9dadd0c7aaa3ffed3a913c7facaf337c3dd6547fb13a37f415bf1cae2d235464236804fe1f95396495ed9b68dadfc38ed53ed7cbf3ff30f64ff0099fe1fe46047f1264232fe06f1575e765ba37fecc29ebf13ec8712f843c629ee74f8ff00f8ed6ae95232c4c241b983f4f438ff0013561a418184c8e8707a64f5a7ed6eb617b37fcdf918d1fc51d01b21f4af114250e183e9fc8fc98d4ebf133c247fd64ba9c5ecfa6cd9fd14d6e5801e74c47232327f0ab125cc698053eb47b55d50b925dff039e4f89be086e4eab709cf46d36e7ff8dd387c46f03b3027c410267fbf0ca9ff00a120add6b9b3607794c7a1159fa86a5a4c3b7ed22d816242f99819fa6693ad05ff000fff00006a9cfbfe1ff0480f8efc18ca4c7e2ad1ff00e05768bfcc8a78f14785ef637862f1169132baed212fa32483d7a35727ad6a3a14faadb490e8d1dfa2ee2ed1d9aed038c7ccc029e73dfb5636aa2c6f5651178374841d9ae634241ff7147f5aca5888f629529f747712697a55c0ff0046d6b57208e043addcb2e3e9e611fa5636a5e1fb6b605d75fd46d7682dbd8c24a8eff33c64807a139e41c5798de78234ebe9835ce9f6311638db6b6c23073df8f9bf5a6f8674b967b19aded2d52ded23917fd1d57281f6024b6ec92dc8ebc8e9f2e7971abcc8994795a563b0f88dacaa68f24b118e2232c8f272e4aa970553d32bd0f3c7ddc7349e3cf38e896d0431dddb3dc6a36b6c2596fdbcc05d88e154b01f811db03d39dd6bc3b38b0679dc80648a2190028df22a018e9d5aaf490ff6444d336b32d9c64fde17250373d0f201ff00ebd690a8daf7519cd453bce5638af8b3e27f1b69df10756834bd56f2cad2268a382282778208b1126e0b09f3231f3673d41393debcebf694bebe4f0afc3ab5b8d42e9eeae7489efef1cced897ce9b2b9030b8c03c0007278af758b5fd7ee2368347d575bb855521e669a458938f56ebebc0353e93f0b93c63a959eabe2f36d722ca05b5858c3ba6dabd13730c00327ee8079eb5ac677761286ae497cde9f9ebf723c4ff66ab6b1b4f0478a2f2ea58edcde8b7b742cdb4c8b8989c7a8f997f2afa327f1978524d6edf4e8f5ab59ef2721625b70d2ab1248037a8280f1d0907f4ae8acfc05a158a04b0b4b252bf758db066ffbe8f3fad3a5f0a2ee1224761e60e85a0008fa1a8a8aa3d97e275538d07f154b3ff0bfebf02bea5752d9db432c361777cc244dd1db6cde06724e1d946063a6735f3b5c7c19b9ff008485b577d535ac99449b24d0f2723b65676cf22bde3c5cfae68da5bde432424c647f116ea40e983ebd3be2b86bef89fe2eb3be9ede1f04c3aac7030469ad6e245cbed048c6c6c75fc460f7a9849a6d3562ebd08c20a7197327d93ff238ff00f857377ff411bfff00c10dc7f8d15d47fc2e1f137fd130bfff00c0c6ff00e33455dfcd7de727bbe7f73ff22ffdb26b1bbfb25d5bcd1383878e41b5908c8e47d6b4e2bd574fddbaabe382e38af5bd5344b2bf74fb669f15cf9477c7e710cabc76cf03d7dea3d534dd0af3494b7d57ecb04280ac6c5d54c47b143dbb7e1d6b0741f73afdaaec79a5bea76db30d2ae78e73c13556cb545fed259566dd13b9058022b53c53e19f0335a794be339f4fb81d05bca97196f78c29639f407f2af3ed4225b088268fe2bd52f995cedf3b4d585482796dc589e3dd467dab174e512b9933d72d353b72be5b4833eb8ed4fb9d4ad807412c800c1ebc139ffeb578ea41ad5c9027bed4d9460e12411f07a74c1ad38344ba911a56134d213f3192fa57c9eb8c06c7209e3db9a39a44e87afd8dfdbcb6ca4c8b80b9c171903e9449aa59411bb1bb4000ce4b0e6bc8934678d085b6808249f922dc00efd7a7e557ec74cb843fbbf2203dc2c2a33ed8007e5473482c7691f8b7484674f3fcc6070c2252ec31c0fbb9a49bc551856fb3d8dfcb8c0c15543f53b88ae7e1b09981f36e67932727248523fcfbd4779258582b6d8e267538638dc14f61ea5bfd91f891d69c79a5a0a4d455d9b7278bb53816431e9f100ec366fba031db0405e4fb0a87c3babf8a3c4faa1b1d3ad2dc2464fda2e14958edc7b921b2c7b2819ee40159be18f0edff008b75745904f6b6483336e18755ce31c7ddcfa0c13ce718c9f6fd1f4db1d274f8ac34eb68edada21848e35c0fafb9f7ae8a7423bcb530f69296da23ce6f3c17e2a694b4baa4b2c4792b03ab1ffc7bcb159f37856fac844603708cd32b5c34da579998c1f9b0d117f98f4c92075e6bd819955493d00e6b3aea725b1cf5fd6ba528ad2cbee21dfb9c42456d248228f5fd2da5ebe54f64236cfd339fd2a4b8f0f6a7716f2451dce9082442bbd03230c8ea084c83ef9aea6e944e861b989644ee922ee1f91ac1f17daf87b48d25ae0c09632b216c452b451a85197765076ed0339c8a7cb17d09bb3889bc2bafc1335bc3ae89d90fdd82f4cce3eabb3229bfe95a5164bdd5748b79e420b0bbb94859c80002433039c00338ec3d2b3ae2e2e75d8647bbb9fb0e98876c76f20c27d1e3c812487ab06ca2e40c16058d111f8474c4f2a4d4f534de0b3c714cb6a83bf2b084c7d39abf671bd8cdc99af3b7db241e64ba75ea02085b79fcf190739f933dfa573cb65e1f8ae5ae96099a723689a486e6661f5765627e991595e2b9bc133e80d26937370baa5b069949b995b732824065964c15382a410739240c8045cf07c7e199b4db87bcd2f4b96e2d2e094b8bab6126236195539047f7baf1f953928386ab6085d4eeb7668dccf6370b146752bbb358a41206b68274248fe13b931b71c7f2e79ae8adbc57a8db209535ad3a1d32d90175b8d224ca2ffd745994f3cf263355a383e1a4d0a2e9fa6f866fa43f785a59dae55fd4b15c9fc16bc57e28417ba46a9777565a625868d7254bc16d118c1d807992141807e6c1c01ca8ee40cf3c3d8f3d96973d2a94f111a2b9bde8ae8d3b7e07d34be28d41238ee2ced74cba0e995df78f1ab67d19637e3de83e28ba9f69bed2961603a5a5e0997afabac67f4af9efe12fc557f0e6a29a45e37dab42b864c87639b372c373a9c3657192540c138c119c9fa0d67b8bb854c5a4d95f2b80ca2d675918820367ee81d38e09fc7ad655e9e2294b74fe46d87597d78ddc5a7d75ff00346778bb5613786ee52d63916ebcb66883207f9f69da0807079c719fc6bcebc0d73f6296ea1874fbeb567db25cc97171049e74b819216262071cfa735a5f13b5d8f41baba49ace5b5820b612b479dc5c11c6d3cf24903eb54be1b58e8be239f52bbb9f1245a6dcdbedb4856e0a246c59448d85660cdd6305b18cf4c8e4f07b4ab5e6d35b1edd7c2e1b03824e3af3eaafadafe9e874df6f93fba7fef91fe1455cff008456effe860f0f7fe06fff0063455fb199f3dcd1396b8b2bbbf7db75acdd5d890607da2ea4393e9f3310a7a707af6238aae7c3c8095c2970dd09e41efd4e41faf27fbc6ba5b216ab67b2630b18c6d91d00de80f18600fcebc751dbf1a952583cd5f26389e4db9551fbc2cb8cfca4fde1ec464727d2ba1b1686159e82a195591186071bbf4c71cfb71f435a96d616b0603c6a819b696d87048e80f5c9f6233cf4abacf149187410a21c2e5f2ab9c7dddcdd0ffb2c714a609bc97768d488c8f306cc305c64e463818e41e56a1b43b15e6821f916270c4700c44a81ea3d73ec79e3b54b1c642ed12329c636ef183ec00fe5cfbd2dadde980ee699db1f2e113cc238fbac4640ec39c8fa5656a7e24b281de28ad5e7e304483630e3d895c7e247b538d39cfe1444a718eecdaf2b6403615c37a8cee207a0ea78edd3d6962cf5964886725429273f8918cf4e7a0f7ae2e7d675ab98cf9096b651371bc4664247fbcc40fc391505ac73cb233dfea8b7722f3119150ba1f452a3e5fceb78e12a7568c1e2637d0e9ae75782f6d263657a8b044e639e546c3c647053d55b83e9f8545e0bb26d77599adec218c8842c7164861103f333fb7f0e4f5cf1ce4573daa2ea097b05edc4526a70aa98de4847ef4c67ef230fe31c7439fcc02377c257d1e9f651eade05d76ded3edbf3cf61aa5928b59f04f29228124641e36b30c73919ad3d8f2ab1937cd2b9eeba169d67a369e9676e41039773c191bb93fe7a55b92ea24eb20cd798e99f11a3564b6f12e9971a4ce3092dcc63cfb30f8cff00ac5c9553c90cc36e072c0f15d5c523dd857818491b80caead9520f4208ea3e956914e46bdd5f46cbb54e7b9fa0e7fa567abbb912364739a74767b7e691f9f4028923981c87c2fb1c535a09dd8dbcd5cd9dacb2ccc3c9404bb63924ff0008f53fe7e9e2de3af125cebbad490ef0238e4024c74f314e5631fecc6704fac981fc041d5f8a5e2f0a821b2991325840d8c81b7efce4770b91b47762a3bd785ebde34d5f4676b3d28d8d842e8145cdd299186324ae4b0527b92739249abd22ae46b2763d22f6e12e1a38d56709046136c52120003d1885f7f73cfbd701e25f14e856cce16e6f269c3ee0b6afe738ec432a39503a021866b999758b9d4e0ceb1ae6a3aa48c0ef8236c5b8392461142a0e31d8d288a4b9444b7d3208429e19b93f974aeda387bd34dbb5cc2527ccecb62f691e3086ee396d97c23672ed0596e2ea6910b1033868e37207fdf43af4e2990eaf636913cba9ea97f610058983daa872cc634c0643c30e49e7a564ea56b721d6dc2c9b9f7330854e4e229146557ddf8e3afe150c514774f18942f92d04658b9e0614633ff7c563520a2e517ae85c657516bb9b43c656ec02695aa5bc87fbdaae98541fc627fe4054975e20d4350b786daf0e8d710ab156361732465832b02082a1875eb924541a768bf6a8cbc167851c64c781faf51546efc33770c8f25dea16e96ffc0d25c6e001ea30a081c1239db58d2a54a506e5b9d156bd56d2bdd799cc69b0fd8aeeeac21bb8ae21b660b1cca7729439001e07423078e87dabbed1bc73e26b5d3bfb2f4dd6e58bec4a5840f6b0caac99cb11e6293f2e73c1e4762735849e1eb5b3325cc371712c53c6559a48443175caed777dbc7bb73ed51456a96f1c37a756852eedfe68fecca643919c2b31c2e0fa82df4356a1ed69724f4268e21e1abaab0d7baefe4753a4f88a7d6f52be9a7d56d754bc4d3679de392da3fb38721628c148d368f9a407248fbbc306da0d7f0d68bae5b58325f6a93decaf3bcacef080bb9cee3f2e4e39e7b75e95b3f09fe1be97757171e2ed16ee4712bbc33d9ee02089f82c17030532781bb8fc057a5c3a235a3e76b21cf62587d73bb38f435e2b8aa4b917ccf73198aa98a9de4ac95ac93bab74df73cc3fb1efbfb91ffdfaff00ebd15eb3b2e7d63fca4ff0a2b3e6472f2a2bdb3a338251d7906dee873b738c2b2fa741ef9c6722aecf7ab123b62da162c0f9046f72739de8704af5e791ef8355e3894daefb1596483616b98f270bc125b9e01e00c63dc5731f10a15860d2b7dc48eee24752cd95554202907827ab738eded5d54a9a9cd26673938c6e91d0dc6a72caecf24d966f95a5906f775c74619db9f7f9aa09b52f315166925b808a42f9edb8019cf0bc28e83a0ec2b861a9cf6c02348f231ec4e4fd05249ad3f97b982a1f52d9fcbd7fcf5af4a1868c76479d3c437b9db4baa13f7a4cf1c64f4acbd435681d18efcb05c2baf51f43fe15c841777faa4fe45a413dc3baed09b7764e7a8502bbcf0c7c32bfbd2971ae5d0b58cf2634c3487fa0faf26ba15351d5983a9296c8e5a4d40f9bf34cd38e72ea7bfe3cfeb5a7a369be21d510369fa1dc4e87812b2111ff00df478ffc7abd7b43f0b787345556b6b085a45ff96d71fbc7fae4f03f002b59efa33c20794f6da33ffd6a4e6ba2054df5679c69be07f17c8434d3e9f6299c9433163cfb2e47eb5bb6fe00ba0c24baf1348cf9cfc96a08ff00c798e6ba7f3ae1cf11ac43fda6c9fd291d801ba6b86c7d428a86db2d4523124f074705bb8b4f12cf6b33a9573e500afec403fd0d53d3bc4de36f0a7d9f4fd5346ff848ac8388a0d42c11d88078025555dc981d642a5703920e01de9b51b0b4f998a631f798f1f99ac5d57c77616c4a42fe69edb07f5a974ee52958ea2d3e2169025f2354b6bdd3671f784b1861f8153c8fc2b2bc73e39d3db4e682d6f63b7b4907ef67998445d7fba818e707bb7415c26a7e3fd42625603e52f6f98922b8ff00126b9737761706e2e090236c976e3a1a1515d47ed0cdd57516d6efee2ee6bb82ce2daae3ce3b424633e54607ae32e47f79873802b164b5f004b2a9d7754d4649c8009b5d9e50c124603024919eb5c9f8c82ea11cf25bc84798f9dae7030154023dfe5158fa45be9874d116a29a84f7619b33417223e3b2fcc8c081f81f7a274a6e428548a47a43e99e179ae16dbc3bad4b79bd0c8566b6c320040ec70c79e800fc6b5acc58d9c8914c5ae2555fb806d63f546daf8fa035e5fa29fec89e596ce4766913cb3f6809200b907182b83d07506b47ed9a85d42524ba9bece4f29bf6423fe0230a3f2ae9842a28a4dd8c2738f35d23bbd4752b3fde47395844b8468a494a8619040f298abf50318ddd2b9a8ee345b0d405c5a09c4b1285508aee9180318f98c6c3eb938ac6b5be5d32591adf5229e62aabadba02dc13d1882b839e4107b74aa77ba92cb708c96e8b9c97dc4b02739ce3b76a8e58a6ee53936958e8af3c4334afb95657ff006a498e07d0a6d6ff00c78d625d6ad79e697b7ba10b13cbc2a11ffefb0371fc49aa124ef31f9dd88f4cff009fe74b106242448c59ba2a0c927dbbd3e751d8391cb725b6b99e3b879e58d2e448a779993731383c876e9d79ebd2a14756b8585d59029da9c7ca58003b77ea47f5ad18ede4d3c8b8bdb499a507f736ccb8791fa8e0f451d493ec3bd721ab6a9e29d1753867bb86d3ec93484148c0652d8e416fbcaf8f719fcc5672ac95cd2349b3e9bfd9e2c61b2f09ea2d2bc9893502c847233e5a063c9c8cf07d33f90f44952266530babe785054a9fa1e2b84f82ba15eda78626b87b7fb20bb7124008285d57397cf4c124f5f43d78aec1c842de606247cac0e304fe1c57895bdea8d9ea53d209137d8e7ff9f45ffbe87f8d155703fbadff007d35159729a5cc7bc9c470497da7f9aa8a8c5a266c648e3240e38c1fad79cf8bb5b3a9cd6ef34c8cf0db44851b8c105b20fd49639f7fae3bebb9505b5c341bdd258584a132140da79cf7fc4fe15e31e25631c85da221b3e5b87e39ec0e7a03d327be3d6bb70dadcc6ae8d32c7f68b84dadf398f20ae30e00fe21fd6b47c2562bad6a9142f73f23b7385dc547ae3b7d4d70f0dccb78cea2540c9c176215a3f623aff9eb5d6fc22f0978a7c59e2748749bfb7b458c7986fa69d9427fb9b4125b3dba75c9af56151456acf36a53bcb43df7c39a5d86956c2dece0545e3731e59c8ee4f7ae82397b6fc7d064d79e6a1aa7893c1974b63e3ad384484ed8755b5f9eda7c7b8e8dec403fec814eb9f15b5cc7bad6f12da03d1a30b2cedf407289cfa87c83fc268b736a1b6877f7375656d189ee5e345276ef9a40067d064e33ec2aa5c6b914685941541fc4ff00bb1faf3fa5797dc7896186766b750972576b4f70e65988f4dcd9217fd91c0ed59d75ac79f2b3cb71bd8f72f9a39508f44d43c6b6d0ab2c6e657f48c607e67fa5735a8f8cefa424a3ac23dbe63f99ae4e49e2c1769405f5271553ccf39ca45f39f45e69a426695e6b7737529691e4727bbb64d519eec2a969250a3de92eac6fc405e2817ccc71e636d1fe35c0ebe7578a5db7253919051f23f0ab51b912958e9efbc436f029f2cf987f4ae6357d66e2f41f324c26785ce3f4ac27965624166abd0e90d268171ac36a36118865118b679489e527192aa01e067a923a1c6714a7569d149c9f5b7cd954e8d4acda8af3fb8a66e15a18c6edc76827f2a7316887ca9bb807afafb54ba56977d791a2d9585c5c90a0b797116c71df15a2fa3b4436dedf69f63ea0cde6bfe2b1ee20fd714a7575146998be6cc4f076d239676cc92339f739ad4ff890db820477fa83fab15b741f96f247fdf34e5d5e784634fb5b2d3fd1a08773fd43b96607e84566eadcb54ec4167a3ea17307da12d2510ffcf6907971ff00df6d81fad2b59d9db5c28bbd5202429ca5aa99987238cf087fefaed55af6ea6b990cf733cd73281f7e690bb7e64e6ab26f7932ab9e3000e49ff39acdccb51350dde9709cc1a7bcedfdebb98e3fef84c63fefa3493eb574212a2e45ac38f9d6dd444b8f7da067f1cd645db0b71bee668adc76f364009fc3afe9583ad5fc134b0db5bced22373236300f3c01dea25234513d67c09a21d5f4e7d52e59a2d36dc46f7a639144b0db3311b910e4b1272481dc8ebd2aa681e128b5bf1bc1e1e975488c325d2ca27584ae51144cadb480164da4c6c300679e724d697833fe11fbb55d2756d46f34986596d9ef6f2397e4fb3a82446abce5cb16072b8f7e2bd0343b4b51f1024bb36cd682d2292431cc7f788f2ed5891b1fc6208d0b0ce43330ea0d704a6f99b3ae314a27ab1fb3c6812d6f0c0bc6d81398c0c003031cf4f4a64de73422697cb9231c3ed40adcfa70429fa63e9590b2062af09f2b239dc4827e83827f33d2a5173771c891c2bb5a4e445e5f27fe03b415fa953fd6b9cd46791a77a3ff00e051a2ae7dbf58ff009ef79f9c9ffc4d145c0e666b77d2d912591a5b79cb3a18c615096fba5b8ea4f19c7e3ce395f883e165d5b49fed4b151f6889441750b2fdedaa0631df81f5236e39001ecada48b54d35ad16d6380154f38ed2926f183b80c74c8e0e48fad625a4f35adc4d1dd2f9782e260a72eea32ab2a1e8582b1ce08241238c0237a52e5911517323e7fd434a798be0bacf0a92b229dd22affb5fdf4f71938ea0819afa67f675d2bc1fae6831c161afc6353b6455b9b30024a3fdae4e70dea382738ef5e4bf17fec5a7f8d34f7b645305ee9897c24b6214f9a6671bd19723ee84f50d8c9f98e6b9798db4d7116aa279ed6eed8feeb56d3f7452c24ffcf54539427a12a769c9fbe6bbed19a38eee27d9be25f0a2222dadba5c37dadfcaf2dd95a371ce430c9240033cd70fa77c3ef0f69baebd96ade0dd1dec021c3a421499091801471ea0f1e95e6de04f8c9f103c3b7115f6b9a2af8d74eb64291dc584db6750472c540209c6072a87d866a6f1e7c74f1278ca09a0f08781fc47a75dbc66349a7b52560c8c16528093273c13803ad38c26b44573c6c719f1eb54f0ac3e3a7d3fc1fa55969f6d631791726dd42a4b38396381804afdd27b907b015c245aabbf0d2053fa5584f00f8d76892f6cb4fd2613ff002d2fefa38c0fc0b6efd2a6b2f0be8297421d5bc7f673c9dedb43b692ee46f6076803ebcd77c65caac70c9733b9bbe0dd22eb5693ed37476da038ff0069cfa03dbeb5b3e2bf1b787fc1d10b38d45dea00716b01e57fdf6e83f9d707e21d5fc2da569af69e1a8fc56f7b382904f7d7c63553d3788e3c6ec76078ce3af22a3f09f842d62b66d635f98a444efc3120c87d493fe7f9d7357c4729b52a3cc55d5fe2678d35490fd8eded2ce227e54442c71fef1fe95ccdcf8bb5f4b8ff0089822484f50ea41fc0e7fc6bd4a7f11e9ba6badad86976484745b892288fbf0e7773f4a82ea2d0fc5b19d2755d3934dbd946eb69d71b093d08238fc4647635c5f5b95f73abead1b6a8e4f41d574ebe759ae619de25ff005b1452849391c61882319ef8fd6b722d76ded9cb69ba3585b11f764994dccbf9bfc9f920ae43c33a44d65e319f43bf26196232452e78e54647e7c7e75db269d67059cd35bdc33948597cd4504212a79dc785fae4700d6af117d1ee66a85b6334ea1a95f5a4315ddf5cc90aa00b19725178e814703f2fd299144194907080f4ce0e292f353d2ad4a84b98622bc05894c8e7eb9c0e7d41fceb364d7479acd6b65bce410f74e48cff00bab81f81cd4ba96f21a85fccd3103104a8de303715e76d57b9b8b7841df7306547215b7375ec1727359f33ea7a800cefe4a8e8157e5e78c7a8fcf157b4ed092521a686453ff3d50e71ed803ffadf4ac9d6ee68a9a2a5c6a51640b5b592e57b3b6515bf0ea6abc971acdd26c8e516f11ea2dd3683f53d6bbad33c37b806d86519186e372fe0bb81edc73f4ae9ec741d38206b8b6576c28770fb5d39182b8ce7e98f6c1e9593aecb5491e26fe16bb9ff007a03485bf8ce5bf5aad73e14d721fde476d24a07f7466be8bb5d16cc483c9b6263e048e54071cf61ebf5dbf435a71e8f66b7520b2fdf9e76e5023e3db273f985a9f6acaf668f2ff8797be29b78a278b489ada75002dc5c471ec539e1c3306208f5519fd31e9de1f41656c374ac65918b4f331243bb1e4eefaf73e95720b084bed24a39c801cec6cfb7afd7156ed6c034ed8c444f577c4647e5f78f4ec47bf6a873b96a362edbdc1103067011872a47ca7eac323f303ad68c33efb5116c02050142c4308076e795fcb158df629e3947cbe5b9e7a6c2bef91904fe633e957619668660542c523f00f111ff00be87de3f9d229167cfb1ff009fcb7ffbf4bffc55151f9b79e971f9c7fe3452b0cc4d575211dfa5dfd995a29651f6845cca00c63382060f039e07ad64788af6e6fadd2f6c24813644de5496f2fcfb48cedc74c1c2f7a974096d269239ee6192e19d338653305f70bc800f5040e98ac6d4ac1ace4f22f0b4d0956903aca639080792c3d391927bfd7155a86e70be22be325bfef55950205fde49848b927e507a02c49e71939ef9ae6e2bf920944f04e559460491b7e1c1fd2baff10ae93280cb1ca162539453f2bf39043e300fbfea39ce16ada6585b5ae6d316ed228628ec4bb679f98125b756f4e76d4c2a46e54835d8ede5fb427daec673d65d3e51097faae0a8fc0568cbe2fb630afdbb52f14ea2d8ff0054fab158b1e842053fad7217085b72b020af546e0fb1ace9d2456da18607404f415df0a974724a99d9378c74a85cbe9de08d0d243d64bedf7c4fbfef8b63f034cbcf891e2cb8b46b25d63fb3ec1c10f6f691ac5085eff28edec2b8b6460464a9fa36454578e3096a07cd26198f6da0f4fcc0a729a484a2cebbe1ed87f6c6b2daa6a6e1a18db2c19b2481ce3afebf535ec7f0c3c33a7f8ffc45a95a5f6b0f63f62b03716d123006356caa4ac48e0291b8e064fca011935e6fe12b5307851e40e159c88fa73c91fc857a0f8174fd1eff0046d45f48d4ae175abfb216ba82452299624493cc28aa4657711f4207182323cfa8ef23ae2ac8d16b4d03c3de02d67e1a8b0d63508d8a3eade21478e394c92153ba08594e235d8176eeca83c856240f3df1268563a45dea1a6e997eda847a6ac33acae30c8e4aac8a7181cef46e38ce7b935dd7c3af02cfaae91a9f8e7c4faddc5869f68f279b27962333c48c7e471c9724e151463d1739c0c5f13449750cf7d0db1b76d72e122b68d800ed0c47e790e38e5c2a0f5f2cd64eef735b23cefc6573716be391a9daac6f713e9f064ca8194b18c024678240039fa567dd2ea9a94eaba95f96563cf270a31d4e3391dbad7682382f754b89a5595ed11b62f95860b1a285567ee381938c6335b16be166b7dc15ed2de37c322973b9781c28f98e0f5e9c5573db423975388b3f04dccb6ad35b24b2229c0565019fd940ea7eb8ad0b0f0be1d963018a1fc8ff0031f971fa57a1595ac8ca1cbbab8f95c4ac7078e15be9918c640cf15b0b60b74562ba2e643c45206dd8383f74e3a800f51f9f22a5c995ca8e174cd0111b0abe5480e0c6c3bfa8e871ee0f35d2e9da440062487c99b39dca32b20faf1fd08f5c7277c5a885b6cc21b800e19630491f55c7e9b89f635792cc84568a555493e75c93d0f39180770e7818e077a86ca48c57d38dbc7e7343870bf2cabd3e8dc363af1d471db8ad5b3d385ca2b792b360fcad1b65d4f7c0e73f4073ed5760b558f250bc7b7699119b8e79ceee40279e791edd6afdb59da4f22ec496dee656db192772ca40271bb0a7a6782a07a1a41631a3b68b7b6d8dae1d461816daff00cf83f5dbf855bf2e17758c18a5ce484981047e0791f5dbf8d5c94c92c6a9733bdcf921914c6cc7ca1ea0600cf6c02cdeb915620b6333a46d6cf7bbfe7408f8c8ec4a9521beac40e9d28b0cce9e20fb43296ce018e7c103e992377d46ea9fe6b220168d023654caa76803d0e40cfd727d055b9b4fb8883b0b8db124851d2472194e7a6402718e98ce7d48a803ec3e5472791c7ca08c2b28ebb4f55fe63aedcd1a8134971118f7488f182d9c432651f7724e48c01ec7039e01cd421d5e369bcc2f1b9ce613bd58f4c1c7b7a71eb5185d8a5d035b027fd6a805093dce7049cff163bf5a48c795f3f90cee872d3c4dbddb1d8ee1f371fc237638c0e94012f9965ff3ef1ffdf715151fdbe2ff00a08dbffdfa14530392d2751feced4a312b79766f1b968932159b20e5416c06c93dc0c76f44f10ea51ea0a236d3a35542591e598ef56c63a2118e3fda23d7a553b932c16d348d26ed88c4aa0da186de84f27f23515b45e75f43a682036d0be6b8ddd00e71ff00d7ad2c49cfcd61757360b38883861866e073ee0f3fa6339acb4d39ad5e0133b981b722a6c25508e4053d7279ea00c03cf15e89a869f6ba66a503422432ac134b2c81f0d285da361e3007cd9e99e073585717b25e88dd808edf9cc4002580f52c08fd2988f32f11696cfa80411ba13c0638efe98241fceb9cb882e23ca9560c09520af208ea0e7bd7a5a2c5756d1c50c5e40696531824b88943950a33ce38f5fc862a0d6342b71a535fcade65c79aaa1c20523279e9d7238e735519344389e5c56612aa963f3fa2e707b0e0724d576b597cff003d836f5fbd9619c7d2baf1a7c7711094308d4f60a09fccf1fa556d574eb4827923546c1640bf374cae4febf4156a64b474be099e1d43c3971a7bc8525ea3ae4f1fe7f3ae8f42b38bfb467d63459b4cb4d7a443e6c3772790c26ce4b45265708cdf31009209c638c9f2e713e930fdbede72248f180abb47ff00aeba0b4f189b8b602ef4c8e678c6378948cfe952d7545464ad63d86f75198e990a78d7c532f882e233bfec56b71bd8b1e9196401225c9fbca59d8670ca4e6b94bdbabbd6357999d53ed06358445028115a44000b128c6d185c71e9db9e19e1ab79355b68af659fc8b668d9fc880156382382f93c1cf602bacd3f4bb51b59a18028c18c471ec2bdf3bb3bb3ee08ac99a177c336b6f6f11b3d5edadda1f2f11308816ce40f2ced186ce4e0e074c73d6ad9f0e4717997500fb226d69121764766e3e55f55c9e99638f4ed5069d2c92a5bc2ec59e7889773d0e0e0e40c75abd0449632a98cb1126e2c0918c85c8c0c6074ed8f7cd4b02adb5a4529491626561c3b6366d206769c8ce79f43f85599236590c770eb2c440d92140a18e4fca7b291c609201cf1d2a4493fb4228a79d41dc36a7f7906471bbae3e98ad0d2dcc8160c0dcbb83391f780623a0a07b15238301046b21181b5570eb8c8ce1b230719c0e471f8d5d86decde6786dae0c2c4ee23eeb1f7311ffd980fa1a7ea461b044b98a119326c9c06c79b91c13d8118ec066b434c58e796092f104d1b104440ed51e9ef91fe452631a658230b1cc91b2827648ce123dbebbbaa1ec40393d70474964b38e788dc90b224800688aef50a3246c6392f83d724f5e3d097086db53b9d311817b45563391cb06e4607404772739f6aa5737cfa3adcdec71aca23566923624093f1cf073dff000a5b0d6ba92dac5be6d90a6c74190af217381c6190fdcc13d07b723a5135ecb1318837d9086cb334c513763a800e1cfd71fd2b7cda35c594775792f9d95571085db1ae4761d7207f1124fa115910c2cf7d2591958086247320e19c1cf07f2e48c73d31d2a913725fed35f27c9beb33798004720c2360f5cb0e40cf391c566ee13067416f340cdcc487785f40189c920fafe9c0addd774db6b1d1a7d4ace3487c8886e8003b18960370e7e53cf3d73f5e6b126830c5da47697a0909f997bf1d80f6efdf34c082063b8ec9da0909e239242c4fa64374fa2fe751de34ea55557ece070cc371ff00be40f97f161f877a9a1fdf4d3c770ab22236dd80611b8ea41ce7e878fc79a82e9de148823b2c32cab19553f32e78f958e703db1f4238c200fb44bff3f8bff7d2d152f930fa4bff007fdffc68a6173fffd9, 2);
INSERT INTO `ticketphotos` (`ID`, `PHOTO`, `TICKET`) VALUES
(3, 0xffd8ffe000104a46494600010100000100010000fffe003b43524541544f523a2067642d6a7065672076312e3020287573696e6720494a47204a50454720763632292c207175616c697479203d2038350affdb0043000503040404030504040405050506070c08070707070f0b0b090c110f1212110f111113161c1713141a1511111821181a1d1d1f1f1f13172224221e241c1e1f1effdb0043010505050706070e08080e1e1411141e1e1e1e1e1e1e1e1e1e1e1e1e1e1e1e1e1e1e1e1e1e1e1e1e1e1e1e1e1e1e1e1e1e1e1e1e1e1e1e1e1e1e1e1e1e1e1e1e1effc0001108009d00d103012200021101031101ffc4001f0000010501010101010100000000000000000102030405060708090a0bffc400b5100002010303020403050504040000017d01020300041105122131410613516107227114328191a1082342b1c11552d1f02433627282090a161718191a25262728292a3435363738393a434445464748494a535455565758595a636465666768696a737475767778797a838485868788898a92939495969798999aa2a3a4a5a6a7a8a9aab2b3b4b5b6b7b8b9bac2c3c4c5c6c7c8c9cad2d3d4d5d6d7d8d9dae1e2e3e4e5e6e7e8e9eaf1f2f3f4f5f6f7f8f9faffc4001f0100030101010101010101010000000000000102030405060708090a0bffc400b51100020102040403040705040400010277000102031104052131061241510761711322328108144291a1b1c109233352f0156272d10a162434e125f11718191a262728292a35363738393a434445464748494a535455565758595a636465666768696a737475767778797a82838485868788898a92939495969798999aa2a3a4a5a6a7a8a9aab2b3b4b5b6b7b8b9bac2c3c4c5c6c7c8c9cad2d3d4d5d6d7d8d9dae2e3e4e5e6e7e8e9eaf2f3f4f5f6f7f8f9faffda000c03010002110311003f00f16b7bc88c12a89260532640d93bf03e5f63f867a7e355ee26516e8b1973270c23791a2da39e9918e4907393f5a86feeb56d23ed7e1d31adc4d34d09599b689bee9c00c57a36e00827f847bd675af892f63d36eac1e232f9de5912c9b5a588a9cfcac572011c11df8f4af39519ead2eabaf4efff0003c85ec63dcd4d3f5033492a453c81d8ed1b183364f1919ed9e9e9cf5a43a84d6f2efb85766773b72482dee79edc55bf0c417dade80b6b6d753412dacf33339906f6dcb1796a5f19c6564c0cfafad625e788757d42c2d95f6a8b55d9bd1c2c921666605f032c474cf60147d6bd8c9cb6f5d7a07b185b72f3dff97389a62e216e158b700f53d3ae41038ab62f669206589f7280b20003602b0c827a8fba72335857fe20d4af6686598ac724102449e5bece11428620019638c93dc926bb9d52cf528758d235c96f3ed8fe208e68c36405579a3da8000300069723d36d1ec64ed74befebf77e3f815ec6167afe0605b6ab710c4c6e663306c830a4c4320c9f41cae31d33dff1d85960d4e2b9d26e56589e553128c860addb69c6320f6ebfceb2346d3bc6fa96886cb46d16faf6ce4944f9b54797950ca1832f40727ae3760119c57531f83be265ef871669344d660bdb2221b6b755789a58d98b16639c920b91927a281da89612a377e5ebfd74efff000e4fb1a7df5f4ff827017da7dddacea11645631312ac0e4ede4b007b73c63d0d6c68be19d6aeed8bc3a36a32b4a3707fb3bed191fde3c7ff00aebaa5f0f7c4f935cbdbbd4fc397d135f5b4c158a3a5bc52346cc8a0ee0b190db541c8008ee2bd63c01e07f0fc3e1fb17f145c5c6b3791a92bf6669d50ee3bb24a105bd06e3903a85cec5eba74eac92e656efaff00c0d7f02e4a0968dfddff0004f9df50f07f8974db58daeb47964591cc6ab10f3581c6ee55338e08e4fd3b56cfc3cf0df88a1f115bcd75a45cc36a229d5de54db80d0ba8e1b07a91dabeaeb697c3f6259acbc2d046cc77337910824fa925b34dd57c45682dbc9bcd2211039e8f29504fd541f7ef5d3eca16d5934eaf24d492d99f35787fe1f6ab0e9d7536a8a2379edc42e1486c03246720ae47453cd7ac59da5cd969b059ca8c26821488e54e0b2a819c900e335d35f789ad468171a4e991d9e9c930003f9cf205e47f095e7818eb5b2bf10a16fbc96e33d7f7edff00c6eb3ab87a73d2e5d2ad2a7d0f36fb144c920b952572df338e0ae4f3fe38ff000ac4bed3f5a17a8ba05cdaac622df3c32dd208d54127285c839008e067e95ef365e2717902c9881237fba5ae2450df4f907e74dbeb7d275242b77a358dd96eacad1162718fbcc55b3826b99e021fcdf7a37fed0aabe1766795691e00f8917e893f9de1e82170195a6b976241e7388d0f6ae8ec7e176be7fe421e23d2d393c416323f1f56916ac6a8baa784209ee3c362ff00cb99d76d95c92ca5f1b562576dcabb8e00c3024e07706b034cf17f887c412b5cebf25e59e87736eb9b6b6222611b232b798ac8cdf337186c02a381cd543014af6705eba9b3ccf14a0a5cff0097f91d443f0a6d1ce750f116a332673e5db22db29fa9059fff001e15bba5f817c37a62916965b09fbcdc6e63ea4e327f1acff06c93c96715de9baadedcc287ca682e6612c68819b81b546084d80608c1072074adf9f57b952cb169c92c982c918b820be3d09403bfad6f1c3a86914bf0471cf1152aeb393660f88d6cb4ed4ed74f810abc90990e493c6ec0fe46b3e7914405d1810519811f4e2ba5bcd174dd5f584d4ee12ed2f23b7589632fb308096fba3a9cb90482474ac3d7bc322ee486d747d6859c48be5c8848998f1c01ce474f7ef512889338fb89af22f302dd5bed047de18fe95abe18d6f4cb7d32117b379771973228858e0ee3d0e3d314c97c0b2c79ff008aa22461d4490a820fbe4f5aab77e0ebdb581e793c5300890649f250fb700727f0aca5454b72949ad8e94f8a34151febe663ed0b7f502a8eafe29d3dece44b3370b29c6d77b6dca3907905867bf7ff000ac7d07c09e24d71e46b0f1022daabec13c966501231903232c41c8e01c630715b927873c25e148a487c4bf10d1ef064cab1a22cf18c7458d4b3a8f7db93f4e285868dfa87b5671bfdb5e20ffa083ffe086dbff8ba2b73edbf0abfe87ef157fdfa3ffc8b456dc84f32feae7cff00f1ab4796d75ad32f1d123fb7588dd1acaae5194e70c01ca9c3af0c01230715c1ac58cee048c720f15ecfe3bd534ef8a1ac4faa69314935a477224e10c4c5d861b863d0800f5e4e71ed8b0fc398646057ce1b8ffcf44181f8d63cea2f9457bb32be0e4a89afc96ec5444c6399b233920b4407e7383f85731a9e98d6fe28bad251246916f1e08d634dccc7790a00c8ea71ff00d7e95eb3a078124d2ef92ead639848a980ecdc641c8271d70c14f4ed4fd47c232c97375ab88d4ea4cc664914b02b281f2b01803390381e949554a57b31bd51e83e0fb5f11787b4fb4d1b4fb59ac74bb58f6b1892d3cd99f072e4b365896e7e6238e0700541e297ff0084ad2ce0d78f9bfd9f7eb3db481edccd06cc3927c966e0a606d3c1665fad78ca7c4af13c8c8dac6812dcc3e51c8b3b37b693391cb108c3180d9cae791db8af58f07e91e1ab3f0e03a85b5a5b4f75fbe780dc09beca4a8055491b73c02400067b7193ddcd7dcc392cee99b579e21b6591a14b5c4719dab19e5500e3001ec3a7e02b62d74b59f4e4d452188ab5bfda0820f036eec63a7b560adef806d4043fd97c7aaa934b75acf84574cbbb9b4b4b29c5ac5e638102900761d3b9e303dcf6a71b37625c5aea4b3cf0ea5a9a699122a5aac4b717c1542feecfdc8b23bc84127fd804704d5fd5fc42ab801b739e807402b9cb5f3ec74622e1b3a85ec86e2f1b393bdbf873fec8c2ff00c073deb3ae0932920e109e33d687ab15eda1d34325fdd69d26a1e71540fb5101c161d091ebcf18f63e95774f96692d628bca677593736f5c8c72735c6cb35c362232b948f855ddc0c7b7ad59b1beb983282e24543d70738fcea1a126cea0437859d60cf94fc1da7008f4cff4a9f4e86717c82e640a87ef067cf6fcab3746be26e215374cca645dc1e31ebd7af07de92e2e9fed0c59848c0e3e645dbc71d31529cb9edd01ea8e93507b55510bdcc6caebf7b38da7b62b223b996072a49dca707d2b14f2c59ba9e4f156627c47dc7a558e31e55b9d5dbea8935bcba7de225c5a4e85248a41957523904579ff008ba3d42c677b78a49ae628c8b9970a249af2d9480186e7552f19003f3920ac9d4b03d045286c2e7e65c004771cff00f5aa4d4ed65d46c02dab22ea36afe7d9b374de060a37fb2c32a73d8e7b55c1a4fde5740eed6871ff000975479a1bcb6b48e0d3c452323465645453d73c8253ef1fbc48e3ef57b05bcf74b651a456b1bbb205696399595b8e4f0457cc7e22d5757f087892d752d3a7923d06e1d2e6ca1962327d96446fdedbb65b3956e0ae7ee14e739aed6fbe29f81750b696f39d2efa572c4c50948c67a0d9b76920f718e3a835eac70f46adada2dbfad57ea71cebd5a29df5febd19ed1712cb79a70b1bdb70c98c13e76580e9c301c601fe9cd72faccb79a1e9d04ff6cb7dd10db191b92246dcb8de446df26d503185e7a376af2dd175fbcbf8ae2f20f13432d9aac8b1cb8860f9c28209ddd40ce31c124103a53adbe21dae8777369fafebc9aa5cc90b208e0442a81d3a90a486e0f4241fa62b2ad84a294a3196abd3fcc747133938b94347ebfe47afd95c41aacb6f22df68f7b630964853ce788367eeee254fcd803a0f5ed4ff00136a5a4784ff00d375a9148963536ba5da4fb9a6c7ca1892a36276dfec4282462be65f07d9dc5cc963ad5834f7b7de2398c496abf289e157da519bb0564438fe103771d6be92bbf85fa26b36aaf7fad6a0dab48a0cf74b8689980000119030aa0055191c01d3a0f223277e567ad2a1150553bbf9ff00c37f5dcf31f177c47f116b69f655bb5d374d55d91d869f986254e81588c338c7183f2fa28ae1fed32dcca9a7da158d49c92a06d403ab63a71d877247d47a87897e06f8b218dce857ba7ea4a7a032793263e8df28ff00be8d7113783fc51e16b4965d5fc3fa842e496924f24b47c670a241f29e3d0f527d6a8c9eda0cfec0b1fee6a1ff00816ffe345739fda1a97fcf45fce8aad08e591d9f853c09a1f879a692def35199a5da1c4c630a76838c285c0ea6ba88b65b91e549271c0dc703f41505b149517c831b2b0c860720f23a7e63afad4e22b8076ede40c9c1007d393fafbfe35ce751616fa441b3cdcf1ea727f5a992f270bf27ca3d725bebdab3fcb980de48287e5fbdc67dfd3b54739f2c94127cea36e00c8079c671d3bff5a4da405cd6afe79f48be824999d5ade4055d88520a9e0e3b7f8d72fa77c5fb2d46fa4b5d7b423612a006532c4081290cac636605d46d2db48236e411c8cd5c9a598908c3249604053f2920f1efedebcd7cf3e23be8a2d566b4bab192268259232d1602bfcdc9c91c838c8fafb9a54aa36de963396a7abea1a96b09ad58db68bf132ee449086315edecd12b80c30a5a05c80df36785c0079e95e89abdc49abeaf6364f1c312e56fef23866792140bfea914b2ae01277f08b9cb6413927e77f85fa058f8b7c516f67f61d45e28a6479e55954208f701b48c1c96e830467207d7e909b45d7edaf2faeecedd62bbbb209796113ac606480aaae381938e7f0af420a7ecef6bdffafebe673c92bd876a3bdd413b9f681c939207bfa7d2b2a5420162a41e80e3d2b23c47e16f175cf952cb36af70fbb256ceddb671dd91e561dffce2b0ee3c13e2d9a6f3e3d2359f340049f2c2062bf772ab228e3b7151c953f958acbb9d744d9fbd523066390091803a57296de0cf88714a5ede1d66224f3931907f069ba77ad11e13f8a2c3fe622c3aed2d6919fcd6507f5aaf673fe562b2ee74b66f246cacaa772b0238cf23daafdbc77570db6182473e814e6b911e03f88377322df5b5dcb16e5524eaaa80004fcdb566f4e7d4e714eb8f869e359b4e48a4d3e0371b5e3f361bd851953a0cb36e66cf279391c739e697b29f62b4ee7a259e8d70c0197f747d9727ff00ad5786890f5f3ee09f5dd8fe95e543e1d7c54f3fcd8f5ad5a038c6d875b8615ee0711a01e95b163e10f8bf6cd19feddb9995060a4fab44c1f8fe23e5673f4229fb39f627e67697360d6a43ab1911880491c8faff008d411c8c970030e4742bd7ff00af58f73a0fc4e9d0a06b5b72460b47ab939fc1e371fa52e91e1ef88eb305d4ee34e785491be4962673c7046c800233eb83d78f53d94fb0eebb98df11b40875833692644863d65c4b6736cc882fd38e9c712a92a471c92c79c578d786af7c1b632de5bebb6d6ba95d4326d41fbe8d00190d950fc9cfa8fc2be91bbf0aea57d12c5a9dd5b4a8ac1b0189c1f5e145667883c35a70bf51aae9ba65f8da6586e66b2463927f781b2090771ce471f30180700e9255634faab7e435c8e5a9e05aee8767e28f26f3c19e17b28a3899a3b9d8c115b8047dfc8c8e7a7af3dab4be1ff8075ab5d552e759b0b68ede301962876659b3c6e38180307a73ee3bfb845656e2d0ac125bc36f1009e52c6aaaa7a6076f6edce7eb4bf65b5590efb91c0e3e4c1ea003d723dab87db49ad19d0a110f867e18d22c75b9f5c874d82def122f243a7fb7d481d01c2e3d7e623bd7aa436d72f1f9a88c6303ae3bd79bbead6fe12f0ceb5e22bb3e65ada299a38c1f9a4da80609ff0069ce3be0006bc13c37f1dbe2858f8946b777adc5776cd2033692f12ac06327fd5820650e3a1249e9bb3c8a6b44296acfafa7d4dec801e64ca4a92ac22774520ff16d0481ef8fcab42cf5e976a480875201dca48cfe783fa0ae72d759b0d774bb1d774b726cf5081678b3c150c012a7d08390476229e26ee4f5abd1ec41d4ff006e47ff003c8fe945733f68fafe5453e51dd9e27656115ac845b9d9c70cac7e639ddce7803fc8abe2fa7c92c58b607f17279ec7fa63d79ed5566b981f8970bbbee9623e6201f5ff000cf142c917d94332bc9b5875c020f1c12a0924e7f0c5731b9685cf98a0064208da76b6e5dd9ebc8e3d0e33fd290402601486381b94e3233f43c1c71f4fcaa18c1ff5b9576725b2ae77139f41dba0ed9e79eb5a56f2c6d037eed5999086c823383d402338a00a12d879d0ab86dfb8e43120e724fe6073c0f4f5cd675ef84b4fbb27ed76b1ba04dcd24a9d071dfafafe7f4ae89e7fde308f721c866fde6540f946071ea73dcf5eb50ddcdf69bab6d2e458d63ba9b6b22823118cb381ec547e66aa9537526a2899c9455d967e1c78734ed121b25b4b58ed9eec3deb855c6235555453dc92644724f7007f08aedd9c64e4f7ac65973aec64f516937eb245fe02aef9bea6be96951b46c7933a9765e5980ef4a6e0678aa024a5df5b2a44739a02e3f0a91264eed598243479869fb127da1b2b327ad4eb70b8e4d60094f738a5f3bde93c38fdad8e9a096038c95fceaf20b62b9deb9fa571a9738390c6ac477add322b29e11bea5c6ba3a77310e03a5529e61bb1c0f7158cf7ac4fdefd6986e89e777152b0cd15edae6ac8778aa3ad410be932dc488592d479d28f58b9127e3b0b103fbcaa7b542b76c3de924bb0d1cb14803472a94743d181e083f5143a2f605512d4e6af574fd2e536f7c511d1986fdc46ec0182339182181ff2719d2ea1a597291bab63b8e0018ed9c638cf5cfe7cd58d5fccbdf0e69976c4b4ef04514e4e325c8ca939ee1cba7fdb5f6ae0af75141214db10238394e40cf4e9c77af9bcd1ac134decf63b23888f2ebb97fe26df8bcf87f7fa4db48b209dedd231bb9dcd2a800faf279fa13d0d659f0c1b7f065c47a0d92ddcf63692db5e5848a13cc94cfb448e5882c700f20e06eec6b0b56d5fecd359cd36e96ded6f60b9914ff12a48ac71f8035d57c43b3d2b4fbad6b4b8b5aba92c66b5965d2b5ad87316d48e550eea06ec09f68c0cf0d81c8ac3078875e1ccd58a84f9d5ce87f67cbb67f86d79a64aef8d2b56b8b55c372a876bf047fb4edd2b5256f1ce84a64d3ee2dbc5960bff002c6e4adb5f20f67188e43ee429f635c27ecc1e20d325d335bd2eeafa25bfbad45ae05bc920f31d1a350580eadc83923a7b715e9f7c2e34f63267ccb627e594741ecde87f9f6aeb8bba28c1ff008589aa7fd136f167fe03ff00f5a8ad8fed5ff6bf5a29dbcc0e084aad853970a46d5401f93feee3f51ebdea7de554ba5cc6f1a9dac405cf6ea7aeeebf867d734c86c1e5844b3b496ea5012b9c0e9ce003e9ea7f0a6dc2da2e5e49c237cdbe474db81d339ef938ebff00d6ac0dcb425902ef9324654966c820f4e781938ec3be7d79747711e44704847dd24c6016273c0cf7fa9f53cf502a4798a0578e584967da8b8116493d39ef9edd79ef52c933c994fddaa3b604ccb850bcfcc320f1d3d7be79e29016e471261cb2163f31dcadf37f7486c73c1ebd4e78e9589e1fbe373f10c145005b21855431655e39e4fe3fa56b44db8c52f9ea6de4724ed1c11d303b7e581cf4accf83fe1e7d77c75770cc42dbc73bc93875deac0391823f8b9ce17bf7e2bd0c04e14a4ea4bb1cd898b9a5147731dcc726b1693425a585ada78fce553e5962d13001ba36423fddcf4abf1dc23ae4d77fe29b0d2e5f084d0d969fe4dd4570a565925532bb28f9811d86d63d38ce2b80b4b524720fe55f41975658984a4f4699e562a2e949240f707f840a8cdcca78071570da7fb27f2a8dadff00d915e9469c4e473640b3cbfdecd4a939fe2cd2080834f1101c1eb54e9a279d8f0eac3820d2f3e948909cf040fad4eb6ce792c2a1c12294d916e3e94b9fc2a716eca39614bb00182c0d459149b2beef7a371eb8a7ba8edfa1a4660bc6067da9380f9ac33cd51d6a1b871b72338a95b6119db8a8d886180b9f41eb53c896a3e6b995776b7f67a43d86a766e96f342c565895b7c6ac4b2b94c6481c1dc85b38ced0326b978edecf54812e65822779f0ee03e14b1073820ff7839f420761c8f78d4af1b507b5d39e2692d60b48d55590165645f99a323241000273c1c1c8c74f0f6d3dfc31ae5fe8f77224b049348f6e0e700872ca3a70195b38f50feb8af95ad88fac53709abf63da851509268c0d4fc331dcc129fb3c69196f2c029b4302719c938ce700819c633d32071be2bf01f8a7fb256c2c3c417375a7239305a5c1611a05ed85c807af25474249ef5eb2259a390a88de794c7ba471cc60e724753c60a938cf2140e08a61b60b1e234949924de865cab28217254739ce738031ce4e48e7ce8d38c1dd1ba8a47cc5aa783bc4ba74c1a7b421a30240f13eeda3270d91c8e41e7db8aec3c17f18fc6be1675b5d57ccd66cd7e52972c44ca3d049d4ff00c0837e15ec1771a4fe646f196466e770019f27f894e00279cf04006b95f13f8674bba454bbb28ad9a51bf2a8ea554f53c8c1239c8e320763915771b8963fe1a13c25ff00428ddffe02dbff008d15c5ff00c203a2ff00cf77ff00c088ff00c28a3da07233d619a7da199a5190303aa01eb93d7a7d2abc7e7e7cc5898b0c9009f97d3a8eff004c74f7cd4586c80f333b6fce46dddc0e4e31f2e3d881d29c9e60947993a6c6255017ceee3033918f4f5e9edce6cd4b51c437edde7014e49192e08ce79ff3d2a58a18e6669156588e0028cc1410adc1c771dbe9db34ccb8dae26901e0e158ee1d7d38047ae7b0ee714fb98a311aab80d9278f34a904638c8e401edc0cd00667896ee412471c602b32b3e5793cf24fa0e8781d3f41dd7c05b0cf87af75293edbbe4983936b96964655dc54e3e6db8c648e79f4c83e7734864f11d9c57ac31245e5963df7060a7dfa8e7bfb741dbfc20d5f5ed3f4d9744d226b95b8499fed11c4429dd1ae41271b8e547dd0467dce056ebe0317f11ecf6d6f24465b1d46ce3fb54c04b0c4b28591012792833818381b8f51c64f4ca8f49b6dcf901595c8603ebdbdb183f8d3a23a18f0edab68f24777abba2cd25c939652704ef041c91d86383ce7ad50d435ed2f4fd3c5edddc08b64cd15cb9cf19276b6300919c83c0ec7d4d76e5f88746a59bb27a7f91cf89a5ed2174af6340e8f6efceefd2a27d0e207ef1ac58fe21f8676e63beb8947fd33b0b87fe519a866f893a0804226a927a634d997ff0042515eeac45bedafbd1e63a37fb2cd79748407e5e7fa540fa6caa0f02b125f895a67f069dac3ff00dbba2ffe84e2aadcfc49b20bbbfb175623dfece3f9cd5aac6535bcd7de66f0f27b459bef62c83248a87632b71835c8ddfc51b2126cfec3d4c9f4f36d47f39aa8dc7c52b24c93a25d2ffbd7b683ff006ad5fd768db59a27ead57a44ee2424f702a0e79ddc8f6ae0dfe28d9927fe254578fe3d46d87f27354e6f8a766a79b1b45c7f7b56807f2cd1f5ec3afb43fab56fe53d198803fc6a1624f526bcda4f8ab659e4694b9f5d5e33fc96aa5c7c55d38905a5d2ff00e03ab2e3ff0040a5f5fc37f3fe63faad6fe53d3a5288b92c07b559f0d431ea1adc71a4cd1ac28d3bb8192a1471b467962db401dc9af26b6f893697727956b15acf29fe08f50463f96d06bbcf87be36d02df4aba7d44496d7b712ff00abda641e5af006e03b92c4ff00bab5c198e6d86a38793e75ae9f79db81cb31188ac9420ddb5d353d540824bb8cea535de9d7535c8115c3a131b053b814c0deae17fbd81db3c8cf93fc6fb3b75f1bd94363769780c1bde6420867c67b7a0ddc76e2bacbef89be1fbed39347bcd62ce2b26957634e192446c1cb067006304f5c9e3f2f2ed42fd217b8d46692468e347834ff0031f734bbc64bf3ce392067071cf4c13f3742ac2aeb0926bc9dcf5eb50ab45daa45c5f9ab11db79ad0c13c06dd6460633bd58b321dbd08ebc96ee029ea39cd5c92e606c7fa319a34202910a30f3177bb36ee31f748cf5393c677138ba7053a5888dc379d3445846b2b2b05191903ee7055b3bb8c719f4dcba7f294c4b708fb484777678597a22bfcc982150377c920639c164f72114c2c73bb2fd99ee2090fc8cd11853a020071cae768e072ca4718cd23c08b185277995b66e084ef5193d704153b492a4b1207207791e29e496469610b3cb0f94f24332b170bf3c9b0c8b88f0ccfc8cff00160e3ab9fc9579966beb333300a6de74c7fbdf2a8638cee1b17a29c70464a0307ec17bff003ddbfefd8ffe268ae93fb587f757fefb1fe3453b0ccb6b854455681d2476dfbc70547fb9c7031919e6a68731ae0f98fbd4b1080b1040ce0af53d4f427a1a8664f2e50e647784720a10fbb1f97a71dfa76a7c0db480f314644c1f2f9dc47a93c1c9c8e3b75cf7ccd0bc5fecb71e4ca235903e78981058360818073d3190704904700d0c22922442916319f3159b07e5e847d7a0e474f539ab0b28673e4c861664698abb045241380790091b8e4f395ed8a5692e4ed31a4724ceccade792c77e71f367049c918ebd73db1408c1f19aa86b7ba48c2a33c8991ec4639c64f07bf35368fe24db21965b9974fd4446634d42240f918c62443c371edf9537c50935c6997064712ca8e660238f6ac6a19be50071d0963d86081c571b1ce47dec11eb5b5369c6ccc65a4ae8ed643e2ab8637177addf6ad03b6e696c2e1583af7dd1e5483feeeefa5646b178ab2c6d3896cd32032bdb4b16d3cf432004e3fbdebcd737a96b961a41865ba9648a576c4661525f8ea78c600e3f3adad33c55aa18127b3d6659e071f296c3e7d8ee1915e556c92855a9ed549a6bd19efe1b89311469fb29422d7a5bf2d3f0295d5a59eb509ceb7776d2ab6d125b4c4c791db0a7dff51f4acd93c0d7321cc3e298e5f5f3669539fccff9fa73d5a78a6ffcf93ce8ece42e0361a11c9e9cf3ed532f88e191bf7ba2e96e4f710e2bda8c74577a9f3f369c9b8ab238597c01aa1605756b0907bdeb67f97d7f4f7cabf8075158b76ed3e4c75ff4acfe3cf1fe7d0923bc3ad699ceed0ed3fe02c47f4a51ab692e87fe2470fd04c7fc29f2222e79f0f00ea2c31e4d8007b9b918fcf19febdfad769651ea76b68f6cbe1ef0da42cc5fc959234033d8322a90074c1dfee4e726f1d574a1cff62a0ffb6e7fc285d634d032ba245f8cac7fa53e488eece2752f035ededeb5d91a05a82aa0c7149803031938400b1c64900649271cd31be1e490b859b55d2172a1be4defc11c7f08f5c7e7ea6bba4d76d933e568d63eb965ddfcc52cfe299d88db656083a00210303f0c51c9115d9c3af81ac57fd76b2a4fa47684ff00322af5af81f45dd92bab5e7b2c6aa0fe433e87f0f4e2b7e4f12ea459043e4c20ff00cf3880fe79aaf75ae6a8ea737b30ff007481fc80a39621a92e9fa0bd9c26d74ad2d6c526601e59dfe6e4f52c79ff003ef56ce9f63a7b3c577ac69c64031980994e3b6318231ebf9e6b9996f5ee1c24f34d292472f21383ef9eb483646d857258af38e01ffeb572e270b471365515d2e9b7e47760f1f5f069fb1766fadaeff13acb8d534d89927b5b0fb4c8b82935d00157d30a063b77c1f7aa175a8497773e74d219243d59bb7d0761f956389098d039c28fc7152da7ef6e1235754dee1433370b93d49f41d73574a14e843929c525e4615abd5c44f9eac9c9f99dbe9304afa67976d2297922185e0001f72e5972770c8237633c6d20ed5c68dba33433dc4f6f0594c8ecca52356855f8e0798065c6f6396182c1be6e0d57b28249ad20bb89c412140b04a612fe50c05dc8d1f180073923a67a9003acda171079c2dcf02386e3021900de4632189c9de3a3609c7b1a8608b36f611c96eb6fe431b879881e62843186661c95662809fe11c2923390092d8636f27c81786158e55259115119f1b48dff002e73b32300ae06ee0f59a58ad6e44925b5988ee5a431a06b2c1640c429da70a376d55ced7c29e300ad32dde7b867d3b69bd529bdb276208f0430725ce4066071bbe50b9e01c80097fb0cff00d0bd3ffdfb3fe1452fdbe7ff00a0bc7ff8efff0013453d47731424419fcc892555246656dc08ceeced18c67201e40e491d386bb5d47721e387a4832818f041c9057a9e07032339ebc7305c2c880f9f6914722921a732120faa15e4124119f9b8c74cf34a6422308afb654cb00ad8618195fe200024fd41e83b5645979a531db3dcb7968df2eff9031cb2ee42178032a49c707239f681808aee481965895099002f9c0c000938182c31d1471c6483c543343135b1596de28954a128bf364024b70ca33c727a120e0123153c532f96c6e27578473132062aa0af070178efc7a9e9807200b7302c166147cacea10a4912a02adc93923e6e0a919f51d82d7940ba21e6824f967b791a19d3fbae0e0fe071915e99223bc90590b8864490b24d25ab6f2ee17eee070c70c38ce3e6c7635c378d3c2e52e5b57b4be3697aa9e5dc4522f99e73293d718da400011fec83c1355195999c95d187aa5b5a6ab0ac576eea14e5654e4a1fcfdaa4d1e3feccb636df6a3700b160c542fe83f9d61c7a806389418251c3633b4fb834f9aeaeb39458e64238f9b04fe3d2b64ccec74325f66e5578fba3f99a95eee4f2425be44b232a261771c938e07726b9496f2552b2c904b18453b891c76efdfa1fceaee9bae5bc17d6b3cc5e3f22e2394f1fdd707fa534c563d1acbe1efc4cbbb749ad74abd28e3204b1c31b7e2ae5587d0815722f857f155f83a5321f5692dbfa495f59b0ff004c95580cab95fc89a911170c4007e53f293807da92727d4ab23e5183e127c532777956c83d59a23fc98d58ff008547f12d2686096ff4b85e662b1a315cb103271807a004d7bfd8f8b679bfb218e8f73670ea70473c65ae4111c6ef0a866f930a079c7ef6de5303ef29326a3e22903148349bdb9952e9e021dcaee8bec72dc453211d55cc423c704313dc00d567dc2cbb1e111fc15f88e23732ea9a5461be5dde6e31f9454d4f813e3495374be24d380cf256e5c73dbfe590afa1b4cd444da8c56f3e913c4b2d8adc2ce03b0f3463cd858edf9586f4db9e5b1271f272ed2defaebc3c975a8db0b5bb2c7722a90bc3fca572cc48230724827baaf4a4e2fb859763e795fd9ffc46cc566f10db32f193e74854fe6bcd717e3ef07cde00d7adf4a9ef52e25bab3fb4e532140de5475ef956e7e95f60cc42e5f058918f415f29fed5b7929f8996d1c457f75a544a4b9e99791bfad426efab06958e0d6e87dae11918ddc807d89fe95716f1158b671c62b94595a491565b96591b95545c123dbf0abcb66b146f70e24f3536f962456667c8e36601e3afa743d7069b90ac6efdaf79cff3aebfc1366c27fb6caed1944f95ca95f25b921d98e36602921bdbea2b07c2fa398afe0b89f7dd32b83e4a8289229c7461c0c80e07cd9e320f04af67a635e5c34eaf7729b2bd023da24dc98e0edcb7ce09c81820e5b712dd730ddca48d055885ea4acab15c44e24486464c4ae4157e4e71bbe4047191ce738064b8ba6bf9961682f238cc4514195957739c06e0156e5836e639e9ea4d456125c5c2a4ade44715b41b8c130470a7e62235258e49d85495c2920e464e458924b20b1de5dc16d72eb84578cf9512ac6a11630c5586c2caff002ee3c2b718cad228734e44cb677b0c464b893ca8e481479a8edf2ee2149653caaf070368c119203d12e2dc3ccb0ea37d669ba4c9f3010ccbb964939c08f209dc7036b312412731dd476897cba6b35bc4af32cb68c42af9cb90c6519da320993af560e3a8dc592e95042d6d7f104b4cdc1491a398c5e564845c3c47705c11f29f97927e6c8c0043f6bd7bfe7be85ff818dffc5d14cf2ad3fe796b9ff7f9bff8d5145c5a14ae2e6733cf24c090ae0c8dcaa924e7049e73c1e7dbbf5aaa8be6ee45594e1b7156c10707e5f987cc073c9c0c76ce4912dec427120ce0bc423972e42a7dcddb79009cae7e6181bb1818069d0e60c422010f2000339e9c7f4fd3d798351678949681a1593713999918aa31ea7681edce016c1fc9639ade13fbc4664b897cc2b1b8579085c6fc121b9c91b48e79e3d105fc52235b5b4f1995177322c9b1490ad80d8046efbc3939f980e955a0bf9a122410ec72419772ec590b755015812a001f3020f3d14641007dc065baf23315b39dc815c64c6318ce064e3800fbeee0724e56a30491279b7367e51b9573b1500dac070323b31ee718c1e4f6b77178f219414917cd9834822264db9cf003372471f31f53938e2a0b801d9a42c91c672c23572fb57a6dcb7de38c727afb66903392bed1639374cf0aa79512e598f562339da33c720e49ce41e3915cf5ddbca8bb608e0b6e770099c93d39dc4fd71d05779a8a0540bb090ebcb361881b7a13db038e8327f0ac2bc8a35b7f20463224dc78059b8c7dec6477ef83c71c0354a4c871395ff4e01a2da1d99189e0ae57b9e31d3f9d56b9bb7688a881640ca5727ae703d47bd758b611b228db14b33aa3fceca87af232dee473d00ce7db12f2cfcc9c2a31f206d0a51303a609009f72793ce7b76b5222c7d0a9fb52682eb95f08eb2f71b417517118dcdfc58e0fbff85545fdabad924630f81e69327ef4ba90000ff80c75e049a545144b3333b3326362b8465e32413dd718cf7acbfb3271804374c9618aa53ea1667d1d2fed617e626920f0445183d376a64e7d7fe59fbfeb4dd27f694f12f88f57b6d05741d3b4fb7d4241673c893177549383d540c919c77cd7cf915bf9932468d212cc30a170cec7e5007519c1f6ea7d055ad08ff65eb165a98832b6b749215390c19183edf4c9c77071efddf3b62b1ec937ed31e35b2bc3a658e8ba0b456f27d9e391d656dc17804fcc31c0e7dea097f69af1fdd1313697e1bd85957e6825db93c8ff009699c1c7d6bc62e63fb45d4d76b0061712b379658332333648e809ebe98e7ae6ad269cd1aa5c1b864b862331b90837b13c6e381d00e3ae491c706873607ac0fda27c77737091259786c24801052d26663904e07ef7a8c7435c178ab5ad53c5fad4de24d7628e6b89505bca615db14642e15154e7680013bb2724e73daab0d0d8a490cd6d66f3fdb044ccf38521dc71845fe10c33904039000e98bb6bb57561637a11124621e796574f2376186eda096f6dd9196edcd4390ec666976135cdc470ab41ba140eb2e3030c73938c6d1861c939ce00ce707a6d3ece378adad25b048e2ca4b049107c39629f3632769258ed2a0f4618e31496cf03010bdcdca412031158c2c770614556ddb987dc70c3038c8dbd36e17a2d0b4ed3b54d42661a8c1f6a58246c88991c4c4aa65864ef50103aaa162d82320e0d4b6090ed2e2884575147a75dc937ca92b2730b1c6c21989c07c123cb24705f037605755636f79f6cb98dedbcb79644c44e9b247732901cc791b00de0fa6d24b60b1ae7afafc40f2f9f6d6edf6b9a3f3596e1dbcc64dae84485c152549e36e38fe11b9ab6fca8e4d2c5edcfdaeeaf92e15ee3620b92a8c1a40a6562b90118367ef1dec8010a0939b529093c92456ff66fecdb905e746935010acd0b940aeec81081ca2eed843124b1e5befe8696b6916951f95710c96d6d134e52689e18630448c5954aae41f2d4ed600aed62795c08d9fecf74f26950a3c36d234577133c86280316123843192197030c376426d1b46fab16925beb8cbe65bdc476c87ca88c6b247e74723ec256161b8a6f20b6d60400b86520d03b15db4f3148faa5d417103b5cb342802879b3b532c495570ac142e724a851f7b9a0ccb611a7da6fe5b69ca4f0c282e0c8c586c01630e5016dcce369fbc413b70bc2d8485bed37b750db6564315c451dc2ed4daf1f99b19d303ef315de589560bd306a4bf4b3974c9ecaf2eadc5c8642f2793b7ca6013c975f30e4b11819385218f2bc331b85acc6ff00c24de26ffa0b4fff007db514efed4f187fcf3f0fff00e0c24a29ebdc9b47b18b2c81644440238bca0c8268954b01805883c30dc09ce3924e7a54092921adde1309c8dac58e4a80493d4601ff0074f1d0f5cbeecf9867deaa0aed8fe4ca8fee8c60f18c7b9f5359ebe7db3ed8a4899e58d94bcb1090e5f39639fe2e063d31dea59a265cbd6955199a1918ce3cef31b2038e467ae08c73c0ce48e6a85dcca637b86468836061e4dc3381b9b3818e4670413c9e4f1560aa64b004ab328c305cedc700900648dc79ee7f211492222ba244aa492ac7ae41507a1c8ff39a2c1b956d4a5c61ede29e3c000c920c1618c13b5b9efea07f20e685a784cd9048e50ab6371e3839efc1f6278facf2cfbe34919390a3001e0023381e839e9ffeaaab73232c719c9dcaa3047be7fc3f9520d4a3318d97a302380bbb0b9f7fa5507b776382d800f39fae3a1abd716e6355cc858800938c673fd6a0922c48aac770620918f5c54dc65258ccf22c726ec16217690a016ea7d319fe5ed48208228d91912591c2cb1ce243fbb3ce549e39ed8f5e9569510a499072187438ef8feb5a62dd8e8563a834ce45e493c3e5e4e2310b6c18c9ee18f18ee698ac726d67e5c6ae5d8accacae91361b23a06f62403ef5426b1f327db143e571c739cfb927b9ae8e68e2859d5630fba31b4b924a67e6e3047b8fc4d17b1acf753165450096c2a00303a0c74a7725c4e72081e02cad1a6e55e38008e41ce473dba8208fa706e69361752a492ac11dc9f9c36edb91952c5b79fe3c2f19cd5c9066084cc4ca36b040dfc39666fc79627f4e95358cb341710a41218cee12075e1813ce41ec781d31d077145d85849ad34fbab4f2ed923444931e7dcc042b9db93801b3196f9700e4107a8e2b4adac74f2d0e8d7d1476f7d05da2a7d91642ef6eb19f332a0360b6172c14f39cfcaa49b70430ada0ba89eea2985a150566c8014118c1078db81839c1c918180221a847a75bd9c896bbaf56da3713f987672a85479672a711b143d8f5c03427757071b14ed05bd8cd6ad6b15b2cd1c41218c4bbbce0e32b80a410c0320e4950549cf016ac476ab61ab2ea5a879b13cb3cf2c89710866971bd8125c947c9dc8c320ab1f65c5cd121b9bcb582e5ee8e2d66306d60c4ba84721776e0428552a157006ecf519a8b489a5b9d16ea5b76f222b4f29e684e4ace77b0c1dbb481f99e5b9e695ec1a11ddd9e8766f36c5be8ae102a2c6cde6448c5be6d8570cc30df2679f98e79195974bb3b88dd164d304bf6897cdf3d50b24982c5c065f9557e6058e0050bdb048be961f6336d60b733496177145335b337c8a5906dc7ba991883ef8ace78c5bebed69678817ed42356c6e3f293b5883c13f28e8003939eb5374db0b9b36ed1417961616c349875adcf33c2600e239559fe507e5daaa546d424904eec9c00752d35136a1a1b1d32e1ec6e2e54dbcb05b9579f1bb318c8c6f6f990b805474dc3b73971aadcade452b31926b6663148f82c371cb0c81c827a03d3031df33c1a95ccc35091e694ab5b7db25248323bee58d8eec60121f19da781dcfcc2615554768a12773a4d1a696fec22b18def2096e8c7f3b08d6dc156259b6ab2157c2f257a1c020029547c48925c16fb785b7b8b79440b1cb3bc8f62e1c7991c6eaaa324e30d1f036e1b25830e62eb52b9b0b1752639d2485d06f41bd3cc6da486ea38c723073ce4575b7b0d9e96db2e2ca2d41809ed7f7cce13b36fd81b6939c6739271d73cd2856e68dd845a6ae5a7bc7d42f7ec5a75bb4cadb64b2df04c2d800a7cb253047197e49c90586e041a9a016565115d42dda6baf2e2825bafb02c71c0cec55a150bb78f30e488f72e1b241cf1cc695a947793596936b69f6111cb1caf3472658c8498f7a1232a7049ea467b638ada4b0596fad45d5e5edd34dabc9142f3ca2468803bce4b03b83052ac38ce4118c73aabec3d47fdb7c39ff4121ff81d17ff0025514dff00845348ff009f4b7ffbf2b4569ef762f991ffd9, 12);
INSERT INTO `ticketphotos` (`ID`, `PHOTO`, `TICKET`) VALUES
(4, 0xffd8ffe000104a46494600010100000100010000fffe003b43524541544f523a2067642d6a7065672076312e3020287573696e6720494a47204a50454720763632292c207175616c697479203d2038350affdb0043000503040404030504040405050506070c08070707070f0b0b090c110f1212110f111113161c1713141a1511111821181a1d1d1f1f1f13172224221e241c1e1f1effdb0043010505050706070e08080e1e1411141e1e1e1e1e1e1e1e1e1e1e1e1e1e1e1e1e1e1e1e1e1e1e1e1e1e1e1e1e1e1e1e1e1e1e1e1e1e1e1e1e1e1e1e1e1e1e1e1e1effc0001108009d00d103012200021101031101ffc4001f0000010501010101010100000000000000000102030405060708090a0bffc400b5100002010303020403050504040000017d01020300041105122131410613516107227114328191a1082342b1c11552d1f02433627282090a161718191a25262728292a3435363738393a434445464748494a535455565758595a636465666768696a737475767778797a838485868788898a92939495969798999aa2a3a4a5a6a7a8a9aab2b3b4b5b6b7b8b9bac2c3c4c5c6c7c8c9cad2d3d4d5d6d7d8d9dae1e2e3e4e5e6e7e8e9eaf1f2f3f4f5f6f7f8f9faffc4001f0100030101010101010101010000000000000102030405060708090a0bffc400b51100020102040403040705040400010277000102031104052131061241510761711322328108144291a1b1c109233352f0156272d10a162434e125f11718191a262728292a35363738393a434445464748494a535455565758595a636465666768696a737475767778797a82838485868788898a92939495969798999aa2a3a4a5a6a7a8a9aab2b3b4b5b6b7b8b9bac2c3c4c5c6c7c8c9cad2d3d4d5d6d7d8d9dae2e3e4e5e6e7e8e9eaf2f3f4f5f6f7f8f9faffda000c03010002110311003f00d1b58862788f7170071ea41feb56606561138ff9fb818b0ff69147f5a65a1c6a73a640cbb01c75ca29fe94cb663fd94add0836cdfa81ff00b2d749c88b56eb9fb3e71f35bc5d3da44ff1a2719b0bdcf04ace703fde07fad3d396b7e3fe59c9c7d24538fd296751e56a0bd70261d3d550ff005a00b1001f678ce0f497f1cc64d4b74a041a803ce04983ff006c92a1b4f9adeddf3f799811d3ac26addcaeeb7d4be5e02bff00e8a5ff000a432089009202391b65e33ecb5a4005d392420316bd910e78fe251fd7f4aa50a36db66ee564183feead5b94489a6424e54b6a2c47fdfc4e6a1e91296e53f14dcc963a725c2aa389afa74196c6ecccd8e7e817ebf8571d3df5d4173224bbcab31d87cc20fd3b8c7d07a74a97f6907867f8430ae387d48ae0f73e6b9cff00e3a6be70b1d5b57b0554b3d5af1231d10ca5907fc04f15e864f9a53c2d394271dddeebd11398e553c5c9548c968ad67eacf7c7d5eec3660b8b98b7fcaf97390c3fae3bf7c135d7e83e28dd6c9beeee1d972a46e249c7231ebd3f0c75cd7cff00a478eaf836ed5238aea34c175f2f6ef19e7ee953d33d3d6b5ecfc756175739921366318448d4b228f41d5bf4afa3a598616be8a47815f2cc4d1f8a3f76a7b3f897c41788d1cda65dba823cab964230849c2b29cf5e46723a8fad72fa5f8e356d31aeade49fccb990852ecc490338efc10549fcfbd625af8b2cae736f0de25cc8cbb1bca9b2d8eea573efd0e3bd57d6a3b4bb64bab353bd06c74079f6247a7bf1ef5ba945ab44e6746df123d0f4cf1a5ecb7ab1c25d1b78dcc18b2173dcfae3af1ed8ae8bc41f13a2d1e1f28cd1cb740745c819f523ae3db39fa1e9e6d0c907857c39f6a70c350b842aaecbf310793b17b0e9f31c67b64715e797578d7570ef30916463bbe6538c7a9ee7f5a557d9e9cc89a7439be1d8f5aff85937ba85cf9925ce78e5b68f9076c63851df1ce48e73c56d5af896de4b4005c098b36e79a4397c03d3e873fa9af0a49846c328d1a47f7d4383bf3dc7bf4cfa7a0ab49ac37ca18ed665fbcbec475fc0d52ad1b5ac3960afd4f55bbd6bce8f6f9e1c4784439efd063f9fe559177aaf94638d262513805464b1ce49f7e7a67d4579d25f4de5ee7760aa80659bf5af40f03f86cf90ba9eb08ed70ff341031c6c5c70cc3fbdc12076e3bf4cb1399c30f0e66bd11d185ca275e7cb17ea6be916f26c92eee4b7daa45c451b0cac6b9076fa8724039e7381fdda8f5b923486db508befa5ca121972393b464019dc37671d4edf6157ace09155e0566976e708df2961cb0ebf5233ea2a97d89f53b7b889584505abbdd5cdcb46488d132c1b03249f90fe38ce0648f84c5622788a8ea4f767db51a30c3d254e1b22e7853c377faeeaf369962c555375d5d4ec72d123b302aec381f733c72c48030391d5fc65f0a6ada7f84b49d37c13a2aea9f6395ee353792f60b675fdc948ddd9c801577b903a2f1eb9363e1b26971699a66a16fa8989ae4113e65d8b2c8d9c2f7cb8566ceecedc051cae05cf8e3e23b4d13e0f7892f61bc2679e392cb4f4321662f23f92d2827966c191c3678551b71c9253b5ae63526e4ec7c5d77e2bb8b97690dac4be66d247da53fd9e80e3ae0ffdf46a83eaef2285fb3cdb8b16cab230049e4f07d302b1af2050c59b385e028aa13b373c6dc7181da86ae1cdca74ff00da967ff3cee7fefdafff001545723ba5ff009e8d453e564f31f69c440d74eeebb91bdb0508e7f2fe740c0d1ae801cc68bcff00b8ef5106ff0089bac9c1dd144791c67247f5a7050d69a845bf00a5c63fefacff00ecd5ba388d293831364e3fd2540efd4903f4a91c1379a8203c10c0f3ea89fe155b73986039dcad2b8fa96898ff005ab28d9beb9c63e6da791ea87fc2980ba7806cac88380597923b980d5f97263bf5c75439ff00bf3595a4393a5d992070f1f7c7fcb322b4d9b8bde49cc438ff00b64dfe142d80583263b319180af8f7f952ad6a4c445671f047da3793efe681fd00fc2aa40d986d39e36bf3ff00014a75c4acc6de33caaddb63f19b9ace7f0970dcf39fda175cbab0f86360b6b77716f2ff006ae16489ca1c1f309191ce3a57cfcbe28d41f8b8367760f5371671484ffc08aeefd6bdb7f6936f33e18e825410b36a9216fa8592be771065ba57061eee3ab3d3afa4b43a1875bb09004b9d0ad076df04d2c6dcfd5997ff001dab426f0f4a369b7d4ed8f71e6c7363f0da9fceb998edd87723f5aef74df05f88bc45af5be95e1ed2a6bb996da232794842ab3282ccec781927b9aefa749ca2e5d8e59621c24a2dff0048ccfb0e91385316a0b0b05c137168464fae50bff2f4ad2d22eb57d16e23bbd2358b09248c8215dd4a1e7382b281c7eb5ef5e13fd947586b259bc45af5adbccc01fb35ae495fab95233f415d137ecd3e1fb74c4c35c971d5e39e261f90c1fd2b484a50778cacc39a15172c92b799f3aeb7e27f126b374b7177a225d487fd61b7999f23d17693b47e74477f6d711c76f6f6d716772c7986e908278e4f2029c7272318c57b7788be027846c74e9ee2de6d61ae907eeede7716de6367a6f91303d73cfe34c8ff0067bb296c55ad7c4ba95bef1968d2f14a8f6c8500d764331af195e4d3fc0c9e594a6ad4f4f43c65de1891628c90b8da4939e0f5209ee7d3d7a550733cd750c51c6f2dcc99448914b3331c61401c9278e0726bdbe4f80da9411855d627ba09f74bc6ae7ff1dc64576ff0abc3da3fc3c6fb6ddf8726bdd60ef126a240322a9ce1620c408c63838c93ce4e3007754cc63c9782bb3961955652d569ea79b7867e0b78d2d2ded355bfb1b5fb463cc5b199b2d17f74be081bbbe3271df9c81bf3e97e38b5b945b9f0edd4c58900c2fe67e38c57b95bf8f7c3aed8b88afedb3d4c96f903fef926b8eb3f1d6bdaa6b57ad2e9d6da7595ac0ab6d1b4d16eba94b36e752ec000142801f1cb1e98e7c3ad3a95a5cd367a1084f0f1b462fee3989be1c6b577144351d62d34b6b9531a451c6d3cc4119cb0caa8c63390c7a919e4565cff000652c0169be206ae4dcb1b7091e9883ccddd548fb47238c91d3e5e9597f117c2df173c67e26fed3d2b45ba3610c5fbb54d4ed59e4623e6ddb252073d3071f9564f83fc1df1d7c35726fa4f08dcea17396dab3cd13ec18006089075cb773f77b66b37429cdde48c9d7aaf76764df082d62b7089f10354b38638e38ffe418a5024672a0aacd9383cf1ce79ab7f13be18df5de971785b5bf88d61224452e61b76d2645d81432212c8cfd033a8cf6ec48c987c369f15f51f1069f61af783a6d32c2e6ea28ee6ea6936a449bc6fe43302481803b9200e4d751f14e4beb6f1deb179736b7115a94812de6789844ea2304e1f1b7862d9e6aa3429c5d913ed676bb3e72d77f67af1308a59345d5fc3faaee04ac4b76f03e720ff00cb74441ff7d579278cbc1be23f0cea1f67d7b44bcb112bb082495331cc57aec91728f8e33b49c57d716fe21d3da4758b53b1f3063e54b95273e98cd70bf142eac2f3581693ce8b6fa8dbedd448195050e22b823bc91e4b03d4840a7e5620dca9a5b131acdbf78f9bbecb0ffcf6fe5fe3457a4ffc2add6ffe85b9bff0207f8d158d99d363da1895bcb561fc5060ff00c071cd4f6e9fe99790671f7c0f4f9916aa8625acd97a346eb9f5e09fe9576c771d527e80b329c9f7423ff65ad96e71125b1cd8da1ce019223d7b18c0feb5722c35dbb11c98d08ffbe5c552b60a34cb36dd8c1b7cfe0db7fa5588cb2dc6d5e4f949c7e2c3fad30426887fe25b6c08071247dfea2afee245d1ee214fa7fab93fc2b2bc39262c1075db3c63f291ab495918dc2fac71ff00e812d25b0d8eb26061b2196e1093ff007ca53ee5c0bbb339e1af18fd7123553b4936c56a48242c79c1eff2a53e6903cda6f3c9bc90fb72cf59cfe12e2b53cd7e3ec13a780bc3768b179acd793cacb8ec171c77efd6bc4069f33c8ab0c12b973854d87783e847f5fe5d07d07f15bcbd434ef0fc66349608449e6cc3730849c72767cc3806a9f87ecf4ff0e38beb2863d4642bb93cf1ba25e786da5be723b06e07a6466b970b083a49b7afa1dd89a93555ab69ea53f861f041ae638758f1acb2da59c80343a7c07f7f700f4c91f754fa8ebdb35f62f807c3169e1fd2e3db6305939194b6887108f73fc527ab1ce3a0e324f937c3ff001b5858ca9a878834f6bcb9948916647f9a3ef9d8ff0078f4392dc7603bfaf693e2ff000d6ad079f69ad59e338292ca22707d30d83f964575f3ab72c3447138c9be69eaff0023a067241c702a27738e0d46b32489ba36575fef21047e62a196651d4d0039e73129c7ca3dab1eeecb479cb4971616fe61ff009691a796ff00f7d2e0feb562f66ccaa9bb03bd655d4eb8e665527b1e83f1ab484d952e7498f713a66a971030e91cdfbd41f9e18ffdf55caeb3e22d474c9e6b5bbd414f96e102da26e795c8c8405b807b918e07258004d4be29f101d263764b88d251196f3036e11a742c71d4f603b9ae3bc2ba6378975396eb50568f4f832af1b372e4f3e4923b9e1a423d94773513dec8f5307cca0eb567ee2fc5f643a6f14df5e3b359e8b2de0ce0c90dbcd723e8590c680fd0b0f7ab16f73e33c3183c137055b19dd6b8cfe0d735d110b1388612a1231b40518181e83d2b774abc8e1b402595e3da3967e17f3a6e2d2dcce59849bd2297c8f36d5af759d2aca5d4f59f08de58db4237cb70965b846a3ab1d9392001c938e0027b54d17c44bed2c131ea1a82228dd9371be203b1f9f70031cd759e28f1cf866d743be6b8d4e0bd856262c96c44bbbfd90c3e5c93c727a9af18f096bf79a7e816c6cef66891ada2de81b024f28ec1baa7d0d218873849ca2b4b7e76ee767aefc59935dd2d2c23f16db583f981da4b6643238c11b1ba0dbce78c1c815ccffc24ff0015c5db8f0e6b0bac42dbdd56def1a12bd38d8f2e38eb804f7ce335d2da78cbc3578251a8e9d1cecfc05768f69edcee5231eb5c8f8dee6c7c23e26b5f14f861becd65232adfc11448b1c241012e1157a2e4ed6040cf04672709ab850c4d352b4a9afc7fccd7935ff1fcda65b1f10ea17ef798591edafbc282ee2570c3389631928323ab1cf7eb8ae47c55e3ab6d3ae8c1e2bf87be0dbf8278fcc86eedf4992c9a74e8c4859032e1832f239c13d315ed3a5f882d2f9ecfc4375e23d3ad6ca65105ce9efa4ee267f9b6aa4c873dc10a01ddce3ef71249e21f0c8b799e7ba89e48d649a48904e1c77d98da40380064f4c5377e867ed22a6d4e17fb97dda1e53ff0bdadbfe845d2bfefa7ff00e3745733ff0009dea7ff00419d2bfefd3fff0013451af71da87f23fbff00e01d3da3f9b0e9efd0171ffa09ad2b672b7ccc0ffcb3889e7a72c3fad73da3cd9d36c4938daf1e4fa1dd834bab6ab2d96a2f04242b14192467a31c63f2a6e6a2aece1c3e1e788a8a9c3766f236dd2933fc240ffbe676a964bdb68a739991804da0afcd821c7a7e35c72dd4b2637333819e18f2b9ebedcd4e8ce5ba83e84743fe7f4ac6589ec8f7e8f0f5fe397dc6d586a31d9af96cac41943a91d0e1cb81fe7f5ab2dabb9690c71a80c1411d7801ba7e0c7f2ed58431c83c83f7854f1363033c8e9ef583c44f63d6a39161a3ab8dfd4d14bbb825504a400b88c838c7418e3e83f4a594c934646ec64646ee707d7154d5bb0fa8a9a3949e8473d3ebfe7fad632a927b9ea52c051a7f0c52f916acf4efed8d42180dcb4131f921957f806385c7a678ef54b56f0e6b1e1f79a3bab2023b89014b98e0f321763d881ca31f5e3238c67157ec2e5adaea3b88f3b91832fb1073fcebdf74cbfb5d53498af218e15f3e2ce193705247208e33835d386a89a7191e267581a775251b5faa3e64fed9d6a00fe7d9d8c912ae03da264861fc250fcc3eb9e38c8ea6ac4daf5d3aedb49cc8f9dbb14e307d0e3a57bc6bde03f0ceb51079adfec979b79b8b51e5e4e3fba49e3db3f89af3cd67e1b788b42b91a8e8f05aebf1c6d97895bca9a54e8548e8c71d07201fcc74a68f9b9e0e4b583397d12d7c417f30874b9ae1efa67db108dd94b371b82e3a05072cc701463272554fd13a51d52db45b4b7d4278ee6ee1855259232db58818c8dec589f73c93ce0670382f87fe2ef0c5ad9b43129d36e8110dcc7750189e371cf9473f770493b4f2739392735dd1bd86e215915d5830c86523f9d5a6714935a32bdcdfb872ac0e5b820f06b0bc41aa25a401c0324b21d90c59c166f43e807527a62a5f106a36f696ad7371263cb236e392e4f4503b935e51e3cd7de34b87bc94c6ed1e6e0a37fa884f4850ff007dcf048e833d382494d451d582c24b133b6c96ecc0f88be2f8eceddee9a6f3f327ee00ff009799871e67fd734e42678c82dcf06aae93f19edecf4d8e0b4f0acc8b18c2ab5f6413dc93b324e7249ee49af3bd66f22d5afc4fa9ced6f193f2a43186d8a38080700002a574d2268f65aeaf1201c049a2298fc466a22ba9be32bc6ab5086918edfe6741adfc5cf195e338b38edf4f84e70b6e32f8f76604e7dc62b35fc69ac3d826a17cfa8cb7503078e4b96765de0e400c781f41ef596b6a12429e6472f7dd1bee15b5a72aa69ba9f9f86b74b660c0f427191fae2ace343357f88d2ebf68b6dabe8f66559899e758879ec029da04980e3e6da4f3c818ee6a4f0e6a118f0e580baba96dff00d6217450792c4e08c723e98ae22dacaeee56e24487f7302fcee580038cfd4f07a004d6cd8432dc787ac6141216699fee465ce4063d0735174dd8eac3abc6a7f87f5476861bd9d01b3bcd36ee21d14c657f25c93593e219ae1346bcb796058a4685d414c9da0fde054f3ca823db8c566da417d6b22ef7589bfbb2cca87f2273fa56c6ac63b8bb8245795e08222801858798e7ac996c0f6033c027d78b69239e3194fe1572bf85b5ef1069ba64ba3e9f7a22d42dd61b9b56700acd195ca6772b740ccbd0f217d3352f89fc71e2b8f4b3fda3fd83afd948bb646b680b491ffbd911bafb100fb5417b15b9d7a0d72f9dac5a2b416e46e011faf200c8039e003c6075ad0b0d474dd49249a0f2656562ae4a81cfa8c7639ae3c556f66aeb547a6f0f53d8aab28dada6df71c2ff00c267a67fd0164ffbeee3ff008ba2bbdff42ff9f0b4ff00be3ffaf4571fd721d8e7e67dcb1a56a112e96ccceabe5caf9c9e9b5eb2fc47a92cdafc93c33f99101fbb3c8183f31ebee4d79c7867c557f7578964f315b69a42ce9b5464f53d07735d1c8f24b67753c4c81ad54160dd71b953af6e5d3f3aeea9cd286c6b95fb3a7884dbf4f56cebb4ebb12a820e08e3dc569c6e7ffd5d3f0af33d175e9e09f7483729e1971835e8363709344b223ab2b0ec73f87d6b8ae7de416869c6dbbbd588f2401cf1d2a92b1e08cfd4d4f0b9ce642303b6691aa8a2e9380198802add959de5ce1aded27941fe20876fe678fd692cefe78907d8228124fef4702b3ffdf4d93f91ab6dfdaf73837ba84c81ba0927201fa0ef4d42e4cab722d6cbd7fcbfe09761d16f231baea5b5b41dfcc9467fc3f5aeefc1773770e9c6d2c66b7bb54392ecd80b9edc139ae2b4df0d79a048ccf83fc6cbb47fe3d83fa1ae92c2f74dd06068c6a16f1b37dfd9fbc73f8f4fd2ba29c395dec79d8ba8ab43953bbf43b309ab4c3f7d7f1440f68a2cfea6a29a1b58ce2f7539d9baec79f6e7e8a3935c35f78e6c972b10b8b93ff4d1f6a9ff00808e0fe558973e39bbc15b7586d94f68d00adae8e08e16a3f23d0355d2fc2b7b731de5ce8a6e6e62428b71b4c6e17fba598a965f6391ed5837163a3d84be658ea971a61fee4371bc1f6db8503f5ae12f3c4777727335cc8fec5ab1b56d78d8da49705b7301f2027ab1e83fcfbd273b2b9a2cb6337692bdced3c55ad47616a6fceaab3c9129f2def5198fd1155c053ef826bc7bc75ac79cf05adf4a6302317572579ccaff00d140c0f6c7a562ea7a95c5c472493ccf23143f33b64f4aebf5c7473f2c51b6546589607a0e3822b3a759c9dce8c4e531851f634ddafe470367a7b6b777ff00125f3ae62418918a31d8793c95538cf6a75ff8675a84131e9f21f41e6c7927d31bb3fa57442ee48102469028ee0c2aff00fa1038a9ed75aba8c11f699541eab1b151f90e2add4d6f73caa3905fe37f713f833c3d3c3a287d534d48e79242f991598a2e000320151d09e7d6ba15b5b7443116b448d8e595638db3ee7073fa5736fab7cac49ea792d55a7d762ddccc831dc1ce29fb57dcec8647878eeaff003ff23ab9d34cb389a5b9b8644fbb98d4601270060aa9cfe351dbff0060dec1e55bc505cc45d810caac55f190df36ec1c647e35c8eb1ad69da8581b49d64953707c72a091c8e4107afa555d2b568ad2594dbc691c6b0801727860796cf5248e39269fb44c3ea3eca5784128fe3ff0c76928b1b341e5a41129191b73c8fa0217f4ac6d4bc456d631492c2d865524796a23c9c719da0679ae2b55d72f6e5f2d26c5036aaaf615534db493549cf9d70d1dac7ccd293f747a0cf7a8552fa44d6a38508de6f44559646b8917731795db1b98e4927f535d8785ec5ed45fdbc8924b34728560a390c01c8c7b7f5ac4baf19db69d771687a658456d62f8134f247bfcc52719e796f4c9fe55e89e08d1a15d05becd0b30f358a6c50db8f1924639e463af181d6b9f134b929dee78f88cd7eb69d34ac8caf29bfe78dc7e468aec7fb3ee3fe79bfe628af3eebb1e7fb347cf367696f6b709711b3292e154b0c0566e33d718ce3e8335afac2b4b02dec609471fbc51ea3af1ea2a292dace681e16b650594ae463193dfa673fe78a7e917eaa24b7bcf9a3dfb643dc13d1bf1fe79f515ecd26a49a673734a8ce338ee8804e8105c3386c2e7239dfe9f8ff3fad7a8f81bc17e3dff008434f8c534bb43a3cac4476ad76a6e67009058201c30c1c2eede71c2b0cd70da77869a5d72de280ef86e1c18d07219cf4c7b9f4af7fb1f87ff00152c3415416778b6a88592de36593e5ebf7413eb9f7ed51ec527a9ead5cfeb5e3ecd5bbf9ffc0fc4e3b4d306a1099aceed422604a9290af0b138dac0fbf008e0f0383c0ea34cf0e90827ba8fca4ea64bb6310c7b21f9b3ecc17eb5e75e29d46f34bf14acf6e8d61aaa2937532a637ee505484382ac47539e411c62add86a1a9eb9099e4d521215b638789b20e33d37f4ae1ab8dc2e1dbf6b2dbc9fe87d250c457c5538ca3eedfef3d24ea3e1fd3c6c6ba92ed87f0db8f2901f5183bbff001e22b22e7c59e5bb0d3ace0b507f880cb1fa9ef5c04f7a6dee64825991d91b1b97a1e3d3271d7d6a23aa213c126bb69d58d4829c367b14b0dafbdab3aebdf10dfdc7fadba908f4ddc7e5545b5076eadfad73bfda192542927a569585a5d5d7ccaa110ff137155737508c4b86f9b1f7aa096ff04e5aaea69568a3f7f712391d766001fceb3b531a0444a9b9756f69327f950c71b3d88e4d440e77573de22d45ee268e30f94419c03dcd3b518220775b5c1917a80c306b9ebc9984a474ed585593b58e9a51517cc4d7570ad015c052148c83d6b7351f10c9b5638e119518c935cbc225965555898b170a33dc938abb74841ccf7569167b2ca1cfe499c7e3514ef14c5cf1aad364936a7732364e17e82a137b3f7988fa1c556692d173992697fdd40a3f327fa542f750af096cbf591cb7f2c0aad41ca289e49c9e59c9fc697170cbb844db7fbcdf2afe678aa66fe703f76e23ff00ae6a17f51cd5679cb1dcec598f727268b18cf11146a6541fdeddc283b8405dbf4e3f5a537763182b1b5e4a48e4b058c1f6c02dfceb15ee39c019cf4a9dacf50f27cd92dda08cf21a661103f4dd8cfe15a422fb1e5e2f1f4d46dcd6febccba6432cab1c1044acdd09f9bf1e6bb4b0f0a5fdd687a5dfcb637726917b7ad6c92478412f9783348cdfc28ab9f9b046460f4c1f3bd3e5c4b280ff003aa1395e70338fd6bd7fc03a743a6bdfdb5e6a3a5cf737913bc91099674b2b6888d92e41c07daac4919600003e6381d30565a9f2b8cc42ab3f75b6bcd9e3de2ab282d6fe7b6b793cc823dcd0485482ca40238e7191ce0e7ebebf4969b74967a65ac315a44912c414853d38e3e5c7272727a13d79cd701a2786bc21e2abd926d72fe6d3ae2e0968c8e111410123651c8f940e4600e79e80f6fa8c3f64d4044ba8dadc9750e1ac2e0c9191cfa8073ec47d2b8f12d4d69d0ce8fbaf52e7f69ffd378ffefdff00f5a8acbf29bfe7f63ffbf668ae1e56755d9e45a8a18ec45e5a1668bee3b4aabf2b63a0fcab95bd765679d5c96242be3804679ce3e98fcabd1bc77676f61a0d988e09589184778fe527f8b9cf07be2bcdaef78f30ed0198720739af4637848f353e64749a36a6b6ca22b8064b2738c672626ff3d0ff00515ecbe1cf8b5e27d374a8b4dbaf11de47618fdcde23e401e8fe9fef0c7a9ef9f9d6c6e5d095ca96030437475f422b7746d46eed9f1a7933237deb390ee3ff0001fef7e1cfd6bad3e644389db6a1a8378aafb52f11de5c19ae6f6e1a66667ddb57b0cfb0e3f0ac9b5ba5b1866f2e43991b2be9c719aca3abf852e58bdde95796773fc66da629b8fbe0ad5c4d47c0ec016d0ef2e1f8e65bb94e47fdfc35e17f62395572a93bc5bbd8faa8710528c236a6d34adbe846f74b9cb48b9272496a8bfb4ed55b06e63cfa06cd5d1a9f86767fa378212561d198337f43522789ae2d4eeb1f0cd85971c12817faad7b0a8a5a5c97c47da9fe25cd0b50d1d5bccb9b821fb0689f1fcaa5d67c7004bf62f0fc1f6d9fa6f03e51f41dff00cf4ac07f106bbe2299ac639d6d60e934b08d871dd4127faf35774d686c1db4fd1ec44d3a2ee76c85031d59d8901403dc903b75a97a3b2d4c6a67556a46ea36fc4867d2fc5bac64ea5ac9b656e7cb1308c7d3039ac7d4fc07ad410c9716d72ced1aefff005dc9fa739aef3c3de1df11f8aef24d3f49be927ba860f35e1d3ec8be63dea84a9768cbe0ba8210360107a735937726bbe1cd42f2dcdf0bd1a74ed0dec2ea565b675621b7a12703703f3293c8cd2f7b7b9e554af3a8ef36dfccf38b2d7356d3a730dd3493c6870f14bcb2fd0f5ae87edab2c62e209085939040e71fd2af7c40d2acef74d83c4161185ced8e70a3006785c8edc8c0ff00f5561d8d9cad68905b433c928620855ddf90038e6a2ac54e3747af95e6b3a1274eabbc7a797fc0247b91e6296f9bd73dea369b754efa51b360dacdf5969c36ee11c926f9083fec264fe071d6ab4ba868907fc7bdbdf6a2fd8b116f19fc06e63f98a234acb53aeb67904df2ea23bf19ed4bf67b978fcef29962ff009e8df2a7fdf478aaf3eababcc02d9c365a7a1e82de2fde0ff81bee71f81aa11e977ba8dd0333c9713b9e1a69324fe2c7fad55a0ba9e6cf36ad3f85179e4b088ffa46a900ff0066006561f971fad44da969abff001eda75dde3f669a411afd76af3fad4b6ba2a614175f98e395231f8d6c5ae869190360760b9017918cf3d3a75c7d7352eb462714eb57a9bc8c88354d78b3fd89934d593e426d210af8f4dc7e6f5ef54a6d0350b9904b3cd348e79f3598b1fccd76d69a788d1c469c2f0cadf78f4c91edcf51f9f5ad286ccc9930a1f986d014639c74c0ea3dab0962da32f649ee70fa4e937d6923060b22c8bb4ee70ad9e3df9fc2bb332c8d69f675d3ed6d249c8373711c4a249fdd8e79f538c0cf6ed5ab0d96d9d8346033300c401b87b377fcea77b3544d8c2225000072b91938e178edfa76e297d6e6d0fd8adccd81278552372bc0e06ee98cf383f8fe47eb5d168ff00681b911c1da7255d085ce7d00cf183cd5286cd230d0aa7072eaa38f9471900fd47f919ab9a7dbec75446995c30631cbb76600182a4f4c727f1f6aca114dee5b35fcfbafeebff00dfff00febd151f91a8fa699ff811ff00d7a2b7e48f742bb30b4fb8bad77c37269b0c76aef11512c9323150bce391df1d3d2bcdf5bb09ece46b69000cbc865e720e7a7f9ed5ed7e1c8a3d3f48bbb25b57898a86017e6249e9dfafe9cd79a78c23956ec3b58cf6efca179a3c67fcfd6b79ab4537b9cb0dce02ea378c0750a36f1903a9fe54f59c3a6e191ea3fbb5a1776a8d1f2c73e807158f2a3452168b2187af7fad3854b94d1a10ea576a302ee6e3d5cf156a3d4ee80e6f653f490d61892367f946c6ee9fe15691d31cba8fc735b738e34653f84bf2dfb4bf7e5964fa926a012bcd2adbc28c64620631cf26846b5f2ce679378e9841b7f1e6a2f0ac86e35549770c9762323a607cbc5129e9a0e54274dae6fcd3fc8ecadc25bdb43a569aa86e266084839cb67ef671c77fa004f5af47b0f076a763e0db4bbd205a437b34ac546a32c7145751e06cb88a46fdd960770dacd941b4a8c9623cd74b43fdb77e235f9e1b1b878803d385538cff00b2cdf9d687c1f9f53b9d62ee2b79a63a5471b493c5b898918b61303a063cf4ea01f4a5149112773d0fc2ba1eb9e0e9e3f10b6aff0069bf24c225b056369699209413602c929c0cedca81d1989f9795b3f0978a9f56b9d7b5930476aaee7ed4d3249f6df3240a6200316c9de5b04718c902bd07ed7aa5f6982d2eef5a3b6483eccb6ac9f291b98965c36064303c83c83d0f35e6f0788756be377ad362d347818adac5b006ba9b1fbb0c7ab633bc81c00075aa93b931d0c2954c5e13d46dc6e758a5558c6eea44aa01e78ce3ff00d7d8f2f24da9089e182fa7820624958d88de71c9247a7f435bbacc60e956da6a4a033b8b894b1e9d941efcf5fc3dea3b3b260a6441b19b9047f0f3d3dbaf4fad61295ae6aa37dcc3b4d3d58a17899f39f30e47039e493df8ad7fec4f31a2f2bcb5f9805da41257a8247a9f715a96da6a469b5237e07cde5e01039e873ee47b73d47157e180895a5963c2b03e629038eb8e070304f3ebfad72d4a8d6a8d924918f6f631c76e629a160c18a8465e57af5c73c8fe7f4ab76d6291cea2246dc4ed539009e3d3383d3f9fd2b722b44560ac9228660b190bb86720771cf7fae4d58682e1b105dc56f034527fac440bc918c7cb9ed8e3a0fccd7339396c3665dada497050c76e232416c1002b0519382dc1fc39e702ae7d95227511c0e840e7e7dc14fa8c678efc13d4fd2a482365d40b4aa7615218c4c5541c606063be473c73ee6b561477daf142f208f3989b0f9638190ac0f5c119ee3a74aa8ef66ca57665346acf199a30fe77c91fef785e70064f007079e831cd6859d988986d6557c8cab1c67db939233dc53a251f68c48c5728580f94f400e78039fe753a0855a48c4526780c430c1246464707a0fe87a0152ecde8c6a3611ca43247ba562db1707629c83efd4ff9f4a737971cd8619ef9033cf7c1ea7b71ebf9d47b99adb75c4664231b5655386e339ddc6474e01fafbc71caed88dc903a94788f2b93dc1273fe3eb55c83e64cd12849296fb644c6015383c8e383cfe39fd39a73c574e4c677bc60eec48bc60738e783838cfd738a82d2e2cbc8f35d15a3d872ec4f00e3201ff3eb56bed4a729049e7027b120753f77fc4738a9b34164c4f2c7f7adbff0228a8b7bff00cf683f33ff00c45153cefb0f9515be1feb6d1eb5706642607e2e49385400e7763b1e7d4577fe35f0f695a8e8d1490ddc62168f74530937065c6793e95e290acb0413c714b3c427428c236eab9fcf1d78e2a08b52d4e3b78ed2d353b98e2420c71abb6d539cf2b9c753eb8e457a34f12b9795ea79f2a6ef74616b5692db5dcf0ed3118dca94246463d7d4d73f71164b646093818e4d759730bc9333bf948ce73cb67df1ce4e07f9cd67de5a869093b881f7f099007af6fe959c24932b959c94d6ecc7054f5c0e314dd93a9c091f18ff003f8d6ff900b1daa37020903a819a48acb7eeddf293c282bcb7f9f4f6adb9c394e724fb49057cd241e383c558d0aebec17d1b499085be63d856e3e9806e290632d80a0fb63dcf5e698ba319db0572037cd8c0da3d73fe7b557b48d8395a66e5bdc49a5ea769abdb1f395186e566c090636bc64ffb4bd0ff00857676ba8ea57b69345a1f8ab49b38ee0ee617a82dee233d390ab866038f3393e879cd79e69ba5ddc723241a818e33f2ed90657d0f4f4f4c67d335b561a25d795e61d4a6500e0200158ff3c1c67f2a6aac6dab0e56de88ebf42863f0ca5c5c6a1e346d504cbf35b589797e6eb9f364c043eb80723f4c4d6b5b7d6af12e12da3686dd765a59db27ee605cfb7a9e4f76e49c549a7e89a6ac91cf7b1cb7bb49dc27769154e7a9038008c7e75d0bdb4637436c90cbe5f3889942051c646de0608f4ee39e6a655e36d0a8d277d4e674ef0eea77f7524d731c7186397966e0e71cfb01c93f87e5aa9a38d3e2907ef8952a03ab00b824723d718cf6ea39abf74679a2f25a67ce002c1c8c0393838ebdbe9545d5444a1a346058ff00cb3c718e9f9e39273c7bd7339236e5689268a1da5f6c8ecab8460d82dcfa7e5dcf3df9a95e1dd6aa55bcc675dc58e060e7a63f97e3f8c56d21f3de1650af180d84f98af380be98383e9d2b65ace68b4d8aea3fb3ed6999564121dc08009c63918047bf34b7292466692af1a01204281193cb9e30ea7b739c803d33fd6b44ac6fe57dae29adde642d118c96dc0705f8e00c803900e48fc6a3ca239d6dc4a6372bcf182d95cf073dc9e98f5ab16c155503cb82155e1db202c474d800e08208e33c7600f359ca0ac0ac8a29686394ee9cb10b850ebb48e00edfcf9fd6ac5b5de2431a36dd91905d9f60f41907a0ea320838e792296e2689824c9b6427e5703395607a107383cf19e3153c6ee96a67f2a3f35098d711900b0191d08fcf8fd2b3b74452193a216f2ca3c4630708e3918f423f43e9fa3711e6dc9986c6cee761938fafa75f7fd2a5b4b8323c85a56215ce0483920f3918e3f1e9c1f5a7d9fd95af504e65fb1b93bda3019b1d70b9f7efcf5ce2ad2e6072689e489041e5bc84ec2c11d7122b8217db8e79c0fc73c545692c11182daf6199ad9033158dc67e60016f9871c63e5e99fca96d16792578ec219669a32ccc8a858b20fe2c2f1803a9c7e9c52dbdc1922d92e162507697190b9ee71f74738f6e0d5a728bbd89ba6269f15919bce68966424931433150cdcf030c5179209e09e00c004d68dc68fa74b14ada76a2d06d412797788119f07a2b21da49008e719e063ae32d6ca78548b7b305882c9b0e77e0f1c0ebc023d7a8ef8ada7d2efbfb3dd84481a3da5a172619dbb9da1f038192718e39e79aa8b6fa682babee627f64dc7f7dff0025ff001a29df69b1ff009f597fefcfff005e8a9b2ec69cd2ee70719bd68e49e37465c7c9b3d7b607a0e71f4a64cf1c168c0dc1e3ee960739e7ef639e3d7a715a1a1833c3138765076aa8e3e52779278c7a0e98ef56fc5ba7a58429a923090a94011971cb0ebc71dbd3a7a55a8492b9c37d6cca7a569f2dca1b8bc453111bb7b676a7b85ebfcea79743b368588457620856248de3a03d7f4fff0055476b7b3dcc45d88511ae703a93c1e49e4fd0fad7473d98b695518a3308838654dbd738cf5e981e99ef5ac1296c5bd0e353c3976642b6eace1472c4609fc0f38e945a6802e07ef6ea412b038629d3d4e7a7a8f5aeca6df6ec20495834aca19c70791fcb351aa224532901e360415600f2b8e73d6a5c75293d3439c3e1db746863178b21760558b738cf240fae7f3f6abb0e82165748d1963fba40c1249f5fd3f5adbb7b58e39a2894019638651820019c7e95716059a16b938013276e324f43d7f2fcbdeb3e5293667da68ea37058760551870b8c71ce7f3ebc7f3a56d1e082f9e1bc91bccf3142a73bb27d3b60f2304e4639ea33a933ddde69f76df69db12103cb640c3382720f6fba7db9cd52d36190f933f9a04806e07603d54f63fe7a7a539d92b308a7721f204ab2c70c5b63076373cbb2f5620faf5c74e3a546d6ecc4ed88aecc80aab8db9c727fc8f4ad1b7492eb609252701dd720e0100b138ce3248144b3182648641bc31072a76939c75ebeb59257355a156c8431beeb885a75dbd9b68523a138193df8e3b52ca90a2c51a89779cef24828c0e471c0c1e9c7b9a3c949add1630b1958d483b7b96c76c67e9dbb62a7cc976d68d2b8fde46ea70807ca98001c633d7bf4f7aa52561f52a46326291228c2202a5c85ec78e78f427f5ad787587fb33584df2e9ae7e488a02ca7a2e188c9c67a91d323bd6409163ba68a48a393cb40d9c6320f6c0e0555b8bc731090a80c1f77cbdb271c039ff22b484a2b425ab9bc2ea389372a1dc8a5639668902e08e4ba1de3f2e99ebeb15d3de97788cad2ee0103ba028c81718e0f5e83e840cd533a9de43208ed256b65700b043c64ee19c7e07f3a65aa1934e4b80c54491897033b94e4ae0303d3e507a55f32b59136d7534ececde6ff004c69a0b631a31064665170060ec5dc08dfd324904fe95038947986fa130e146f50304a950571ebc1cf1c1ed5abe19b717d61a94b7523c821b53384e369c1da548c720e73edcf5cd654d0bb065b999ee1d200fbdf9c851f2af3d80c01cf6e315328fbb7417d4b10b87329789195768521047f2f4c861f8f6fd3a3e2f25507952aa01ccb1c9b580c1cfae391e99f4ac9b596616f2ac9207299915b6f7c2ff8ff00faeae47bdc223b90d852c63f97713b467b9e87d7afe55cd37c9ba1f31604862bd57b46682e15832c919c3230e55b8e8781d2ad788afecb51d423bdb4b09e090c2a2e0338732498c13d00c1183d3d6a95cd8ffa2319277903ca99ec465588208ee3159f6d399125c86d88c22dbbbbf1cfebd2b5553997292d6b734ad9b631d920ddf2949002194f3cae381e9918e3a60e33236a77ca21b7b8d4e590229700fcdc11ced6cee19ee39e7f31427764b2f2f73ed7cecc363cbe78c7d3278e95996b1bc50902795c7cbc3e0f5fc294537a209799b1f6897fe80f6bff007fc7ff00114562e57fe78c3ff7c0a2abd9cc5cc8ffd9, 13),
(5, 0xffd8ffe000104a46494600010100000100010000fffe003b43524541544f523a2067642d6a7065672076312e3020287573696e6720494a47204a50454720763632292c207175616c697479203d2038350affdb0043000503040404030504040405050506070c08070707070f0b0b090c110f1212110f111113161c1713141a1511111821181a1d1d1f1f1f13172224221e241c1e1f1effdb0043010505050706070e08080e1e1411141e1e1e1e1e1e1e1e1e1e1e1e1e1e1e1e1e1e1e1e1e1e1e1e1e1e1e1e1e1e1e1e1e1e1e1e1e1e1e1e1e1e1e1e1e1e1e1e1e1effc0001108009d00d103012200021101031101ffc4001f0000010501010101010100000000000000000102030405060708090a0bffc400b5100002010303020403050504040000017d01020300041105122131410613516107227114328191a1082342b1c11552d1f02433627282090a161718191a25262728292a3435363738393a434445464748494a535455565758595a636465666768696a737475767778797a838485868788898a92939495969798999aa2a3a4a5a6a7a8a9aab2b3b4b5b6b7b8b9bac2c3c4c5c6c7c8c9cad2d3d4d5d6d7d8d9dae1e2e3e4e5e6e7e8e9eaf1f2f3f4f5f6f7f8f9faffc4001f0100030101010101010101010000000000000102030405060708090a0bffc400b51100020102040403040705040400010277000102031104052131061241510761711322328108144291a1b1c109233352f0156272d10a162434e125f11718191a262728292a35363738393a434445464748494a535455565758595a636465666768696a737475767778797a82838485868788898a92939495969798999aa2a3a4a5a6a7a8a9aab2b3b4b5b6b7b8b9bac2c3c4c5c6c7c8c9cad2d3d4d5d6d7d8d9dae2e3e4e5e6e7e8e9eaf2f3f4f5f6f7f8f9faffda000c03010002110311003f00f278aea52eb1cbbe1939181821be8715232bb2215b87c9009ce0fe1523ac4e312aee465ce3d706aa3b98246c39923073923e641d79f51efd7f9d7ce4753dd92686ebe4fd855599b767d7ad5ef0f237d8608957734860882038c9dead8ffc76b275d9d66b30c8474cfebc56de85204bcb203822e2373e9f2ab9ae8a717630a8d5cf4bf0059457daafd9e70d25b4f1c892846da4a3cb3ab6d3d8e0f06b23c6682df47b5b7439023b38f27b8f3276e7f215bff05633e7b4880b4515b26093db12106b98f1edc280419a35f2e5b145539c93e448d81c75f9f35edba5c986e5feb73c9e6e6ad72bf8d9dbfb06e485da0ded9a8c9e3e5b51fd456ff8d5e5b3d005cb9ff8f7d0af41e7f89a4da7fa5637c41b66ff00847e086d08ba69ef795854b32b2c4aa148c75ebd2ba0f1ee8d777fe01b88d4797a8b5a3dbc56f36232c5e6463966200c2826b85536ddec744a492b18de01bcd9a2b5b00584b39008e3195ce6b6f498e1788799bde36b330edcee3b78c0c7ae547e55cc784ade7d1ed638efca2c8acaccb1307e40c751c75ad286e1e34ca060cb9c32b11df2050f114212f7a6856938e88cdf1a48b931ede766e03a000fd0f5ff00035e21e3540b7e0236541c63d38e95edd7fa59bf8163691bcc6cb4b2375763d78ec3a003b0005737aafc345d4e51236a262ff7621cfe39ace798612f753442a53ea8d6fd8f107fc26f6772caac2ddddb91fdd1bfafafcb5d1f883fe4190e49059d0139fef5c2b1feb507c26d11fc057735c405afccaaebf33ecdbb90a64614e719cfe15b177a636a490dac56f78ec1a32a102127603d7247d4fd2bcfad8ba3395d4d5bd4d14256d8d1d64017e23539f2a38d3f2451fd2a85d8259597008e7a738adc6b4fed5b9b8bcc9b46f3995a3900c823aeddb9dcbe8c0907b539bc3d7537fa88e694e081b2ddcff4aeea38fc2c20a2ea2b912a536ee91cc36f36e7b92180a88b6dcb0e540c0cd756de0fd7645023d36ece3a136ee3fa5553e06f14853b749b8727d171fcebad66184ff9f91fbd197b2a96d8e57ce9152620ed26ddf691feeff8d58f0340cd3492ee501be6c81cee38c8f6c73f99ad89bc0be2c4864dba05db1f2ce30a0f391c54de1df0c6b9a74a45ce8da927232c6d980e3bf4aafad61e6bdd9a7f3438d3927aa366653f6773838552c39f63599e2d533686248bfd72279b1f3fc49871faad6ecc8e903c6f1bc7852b9704678f7fad62c732cda7a21c31898678e0f635d946cd1955761b7b3c73e9725c3b8fb3bc05b1eaa573fc8d61f83af56f342b61e6832c2823917392a54e067eb8ab10464784af2d580636893400b7a20600ff00df3b7f3ae2fc33769a4f88035c4a22b7bd454cb1c0dec37a9fc4ef15ab8dac677ba662eb5214bab1851509b8669732007cd1bd9b00f6383cf3d1c74aa7e183e6eaed31c32c51611f20eeca801b207a29ad5f1dc4c9af25bd8c6b1c16e4965236e2529952bea3270c474de33dab9e8e692dade59d666512cedbf6b648e8473c7f7b15cf2d267445de373baf2edbd22fc8515e75ff0009127fcfedcfe5ff00d7a2afda227959723be124608382a71f4cf14e7bce000403907f1e95cfc376ad1c855b041cf5a2df5282504336c93b0f5fc6bc45857a35b1ebfd656ccb7e2474fb3db470dac76ed18c3ba16fdf12c4ee6c920119c7ca00200c82724ec697705670cc00da9338fc233fe3585a84cb2448410ca482413c54d6379018e7f3a5d8e2090a00d8dcc40007f3e2bb161ed6b1c9ed4f71f823a82c5a44c8bc07b7972c7fbb1432b7f365af3ff15f8a7496d4e558e39b5071346e163e15244844782d9c1e87a67ad73936b7789a4c5a059b3c7202ed73246c4300c1479631dc8504fa03ebd12ceca1b58ed95950b3ca49f40a30302baab5552872ad91c91834ee757a6fc48f14d8585dda58d8db5b5bde9c4cd2a977254e4e18052a79e403ce79aed348b55d574ed3358b4d4679091e5ea1a7c9661079e47c852404ee463c60fcc38ce735e51ac4ccb145c12ad24921fc48ff000af5bf098167f0d1f7ea36da76a52c864b73744ac7e74c9e5c79700ed64085864609504900135c7565cf0f62b77a2fe9976b3e77d373ccbe21eb7a91d6ee9f40bf30e9d6f2fd991e1507ce641f3cc4fa3b1247b103b1ae53fb73c532b848b5fbc724f0aa793f80aeaf58b097c3daebe8da95b35b1b754073c894edcef0c32191b390c3208008cf5ac7bfd5f4bb567896190bf66541807b1ce7f5aaa780a318d9c57dc632c44dbd0a575a8f8decc069354bd51d3e66045496be29f1a81ba1d4649b1dbcb0ff00d29fa8ea8b7b61134522cad9c31518e7e9daa4f0e5c1b2b69a4772a809918f5030073fce97d430d376705f720f6f512dcf46f857e20d435fd3ae97548d56eace611b304dbb8119191d88c1fd2bd23494e25f7555fcdd41fd322b80f853a7c96de1cfb75c215b8d4a66bb707aaab7dc1ff7cf3f8d7a3e949fbbcfacd1afe8c7ff0065afcf3388d38e2271a5f0a67ad41c9c5396e7a1683630ac08c235071e9581f137e25683e0158e0bcf36eefe44de96b1305dabd8bb1fba0e0e00049f4c735d868484db201debe2ef8b1a9bf89be2bea2f34ac6192f5d473d23425547fdf0a0579b926570cc712e356fca95df9f646f88ace942eb73d1750fda5f5566234ed02c90670be619253fa15fe554a4fda0be21c99f2b45b4403d2d1f8fcdabcb20b217be15bec3bac963fbdd8bc29c7049fc3762bafd16d6ca7d36dd8175478815504f031c73cd7df6038732daae505495e2fcdfe6cf22be3aad349df73a01f1f7e2676d2ed0ff00dba1ff001a758fc7af88e97b2dc9d1209cc888a63314a5176e79550f804eee48eb81e95c8f88ae6cf4958e0b50d717528dca8c70157a6e63fc87b56468be249ed35145bb8e1313b60950415f7ebc8aee970de029e8a9233863eacd5ee7ae27ed23e248140d57c236fb73ce0c89ff00a166addb7c75f056a60aeb3e119accbf0d25b6c73f5e361fe75c7cfabe992d8cd6b708b286c1651c86e4641c1f6c7e24fa5792eb5e45b6af750db6ef255b29d8804671f874a5fd8586a0b9e09c5f936bf52a38d9d4767a9f49349a06a5a36b1abf863574bfb19a12d3c4d9596d5bcbdbf329e769c0e718cf735e65a95a89ac3c377ce8b242ea893230e1906320fd43b7e55c078575fbed075b8efac660cc015789feecd191868dc7f12b0c83f9d7a56bd73a7c5a0e8326992b3d84f306b657397450841563fde56f94fae33dc57a78594e2bd9d477ecfafa3f333a896f1473de285d9aec1672dc49751dbc137972b91bcc65826d3ea540273d4e38ae7f519cac0be53c92c8ade56c4e7d59bf52067daad788a496ff00c5714cadf2450a3b30380a19ce703b9f987e35663b651a25cea7f7b6daa4cbb976aef918000e3b8049c7b7e15b4d5e6ec547e15738cfb1dfff00cf949455efedb8bfe9affdf67fc68acc0c482e5ade6dcd9643c37b57ad7c1bd2341d7ac6fbcdfb05b5d69f119e67990b3489b805d9c1e496031c0f522bca89b688b29998b7420a9a9b44d7af343d492f74b9cc4ea36b2f216543d5187753fcf07b0a5529c64acca8d4699f46eabe1ef02bc1badb58d441d9cacda5a6378cfa4bc29e3d4d799f8b25b0d31962d2a60f3cb954df10458cf763c9e075fc4574ba36a0fe28d19afb4688b220c4c18e0c4d8e54fa91d78eb5e55abea334fab5c5cc424112611723385ea01f424e4d7934653ad269c6c97aff0099d326a3d6e69e8e7ec6ecc818bc6092c4f3cf5273d49cfeb5657566718f24b303c648f53e95cf59ea025936328524e00edeff004fc2a5966944ad1385007240e320ff009e95d92a4eda90a69ec745a1a9d675ab5b37df23bc9f7400140ce4f4fcbf1aefbc7da8a433697660ff00a3daa49a94e07f105fddc231ebf239ff00b695cbfc24b6f3f53bcd4523c0853cb846724331e39ee73b7f3a87c79a9453dceb132306592e16ca0e7ac5000b9fa12aa7f135c31f7b10d2fb2bf17ff00a9e90f52cd8eb9a55de931685e28fb449a5ccccd6b790e1ee2c198e4b20246f8c939688900e4b2956c9381e27d10f86ee16cf55586e6dee2312d85ec32168278b91bd1b8c8c8c1070548208041039b9e420c7b37121beef6e4d5cb9d4b529b455d2a5ba3269e93b5c47039042ca5429651d890aa0fd07a57bf4e719d3b3f91e7ce9b8cae9fa942de45b7d4e68e352f03138c1278eaa73fd6bacf0969cde22d6edf49da4dac47cebf65e8541e13f138ae2445399e348d4bb33008abdcff5afa03e1bf8757c3da1ac72283793e24b86efbbb2fe1fe35e4e638cfaad16fed3d8e8a5494e49f43adb64008500003a01d05745a5a7cb6eb8fbf719ff00be5187fece2b0ed57915d1e9cb8b8d3e3c7f0cce7f168d47fe826bf38c426d1eac0f49d1be4b743e82be00d767913c4b35c2921c396ff1afd03d25418107e15f9f9e2b8cc5e21bb8c750c57915ea707c6d56abf4fd4cf1cfdd89b5f0d5e2bbd4751d3a4eb750b0e7be720ffe855b5e0aba03c351099c2fd9cbc72127eeed24ff002ae0b49d525d27593756a445b8ed05941c0fa77aba2fefe1b6bab74942c576eef2808392dd71e8315f7f83a72a1899d57b492fbd1e36217b4828a10debea37d7ba94a71b89da09fbabd00fc00ab7af5c4179729f67757860b62a08c8193dbf415891218e368e39182b6370c53d23001192c31c824f4fc2bbd554ccfd9d8eaaf8f9164679170ab0f9871c678ae20ce2ea69e72369661f2939c6056e5c6b17d341e43f93e5ecd9831f6c631582d691274efee7fc6b1af1e7568954bdddca9331dd95382bd307a575de1abd9755d0ae7448c937703ff6958a0fe3923199631fefc609c7768d477ae55edf646e53a75eb4ba36a173a5ea96da8d9c863b9b5996789876653915cd38351b2dcdd34cf418ada183564bd9d606b5310dc87fe5a9e3a7e201279c12dc927356ae2dde4655881f25b01e353f2f1c0503d863ff00af8aaf7fa7c0be2c7b8b652da65ea457d66993b562906f09ff0000398f3ea95b92c4965e5890a9924c4a4af21770c81f962ba70efda479873d0e4ffe11ebff00f9f5d3bfefdd15d4fda53fbe7f314574f2448d4f16baf3ce2695e32d28e0ab2b7438e40391d3b8f43dc558d0f4c37c3ed13b18adc1c71f798f7c7a565b96450ab82be95d8e93b23b7412c7b94a6d519c6d27bd7955ea3847466f08f333a6f0cbbf86b57325ab988adab44226f9943b6d3b8e7bf00135952e80d736ed6c9791b46f2f9a57054efc6339c7a558d4a763abddb31e4cefff00a11a9ed5d49edcfbd7910c4d6a7aa7b9d12846463bf83aec85db93b4632ae093fa511f86f5281c3bc53baa8e863c8fd0ff004aebad67280057f971c86ed56749d76caf26682dae12591413819e47ad6b1cd2ac6edc134bd497420fad8b7e038e6d0fc2735db444ce825ba2a1082c63566031d7b25795c974ad0283248fb7279ec4f5fe55ed777295bd9210f9580f94a07b707f3393f8d68f872e744b19a57bff000be8dab2c88576dcc0383ebc573e0719455694aa3b293bedb155612e55cbad8f9dfccc8323704fe82a25924964fbcdb7a05cfe95f475edbf846edc9ff8417c3f167fe79a4a31f938aad2685e1b6b8b79ed341b1b131260885721db39dd96cb74c7193d3b6715e9d6cc70b4e2dc677f2b339634e727ac6c721f0afc1cf1b26bbaac787c7fa2c2c3eeff00b67fa57a9c2381daabc206000001d855a8864f06be471b8b96267cd23b611505645eb41922ba3d339d6a18ff00e795945f9b49237f2c573d69c62ba6d12227c49a90ed04b1c1ff007c4480ff00e3c5abcba906d3b1ac59e91a5711a67d457c33e29b123e246a367b033b4f344809c61c86507f035f73d802205af8dbf689d1e7d23e276a332064134e6789871f78ef18ff00be857afc26bd962277ec9fdcd7f999e397353563cd6e6c42c57510dcd25b26e2dc28386c1c7e7fa568ddde33e8b622e4daf991a1891c3132ec1860187a7cd81f43e959579792492c92346b990e58763551ee5c8e547e35fa1aab057b1e3f249dae5a69d377dee9c70b4f82fe3866591a37954643296dbb8118c66b2de466fe103f3ff1a8c172fcb051dc8419151ed9475457b36f42e9b92c7819ff0081546647c74033fecd341b750732ddc9f805ff001a4082693cb8ac649188cfcf213c7af6acfdbdf646ff0056b7c524be77fcae32591b18dcbcfb8a64516e3bb236afde6c703dbdcd4eb64a84b4a064f3e527403dcd294790801781d00e82949f591295b447a4f86a5373f0db4dd4b933e95a849a7927b4520f3a307d8379df9d59b8be59a4490b0c9500e38adef02f856eedbf677f136a9730b27da2e61b9b60c392b1100b0f63bd87e15e4973ab5daca55481db9158e0b1507cf1ecedfafe65d4a72d19dafda21f4fd28ae27fb46f7fe7a515dfeda265cace5846ad7712e7e52e338ec3bd743a2deade2cf6c0fcd192d113d593fc456296582f5242372249904fdec67bd47a73bdaea31ce87846e7dc74c7e55c35e8fb44d1a467ca76baac9ff135b87ed237983e8c370fe7525bcc400c3f1aa1ac5e42b716eee1824904603e38caa85fe86a480a98f746e1d7b106bc7f62f91368e8e6d4e9f49d461855d66b482e03ae3f780e57e9cf7f706ac689a768f0ebd15e58c6b6f24ac14c209c005867033c01fd6b9db7931c1cd6de869136a96b36577ab800eec719048fd2b097372b8a1e9b9d147299247938259893f89cd5d81f919e2b120debe87bf06afc724887e656e3dabcc952696c6bcc6cc6f9357ad5031c9acdb260e9bb3c56946c122c9eb8ae49dd1571f6b707cf7424f0dc569c0f922b9db6245cb31ee6b66d9f240359ce3662474ba0442e353b580f2249910fd0b006ba0f069f3ee6f6ec1c99afee5cfb8f3980fd00ae73c35308b558253ff2cf749ff7ca93fd2b63e1748cda269f237de960491bdcb0dc7f534271f62d3deffa31af88f62d0b4e6b9b7decdb231c6719c9af2dfda27e1bc9e29d23ed561186d4ad3380064ba8f41dfe9d48c63a60fb56912c2b676b6e08de610f81efcd656bcfb6f9d49f4fe55efac3d3cbe842b52f896ff35b332e67564e32d8fce2d6348bbb1b9786e6068dd4e0f1c7e7598d6cdea07b1afbe7c51e0ff0c78824326ada3dbcd2b759572921fa95c67f1cd7272fc17f013b67ec576a3d05cfff005ab78f10612defa69fa5ff005337849f43e2e36cc7b52ad94a7808c7e82bed483e0cf8051b9d36e24ff7ae9bfa62b56cfe18f80ad4829e1bb573ff004d5ddff9b5297106112d399fc97f98d616a1f0ec5a55d3105616fc4574fa2f84bc4daaaac7a569176ecc8124782276df8e992381dbd2bed6b0f0ef87b4f20d8e87a6db91d0c76a80fe78cd6809532d1a303b382a3b5734b8952bfb2a6fe6ff00cbfccb582bfc4cf94fc37f00bc5b7e564bff00b3e9a8c72c679017c7fbab93f9e2bd4fc1bf02fc23a1325c6a5e66b172a738946c841ff74727f1247b57aa97f4e2abdfa4f359cf15bcde44ce85524db9d8c470d8f6eb5e6d6ce71588f76ea2bcbfcf7378e1a10e9739bf8a5146bf0d35f81115224d325daaab80a02f0001d3a57c397bc5c1afa97e246bd6da1787359b3d5f5796eb52bdb39ad4432ce1e41bb3b488d3e58d49c1cb1ce3815f2c6a24993774afa1ca70ee8d392bdd37b9cf8895dad2c3b78f5a2aaf98ded457b17396c50bcfba48c9a7593a7d8660789000ca71d483ff00d7a748a84609154240f0310a71dc1ade3a3b99cb547490ce93e9a91bfcc6162983dd0f4fcbfad471c5342de6594a50f742783592b7325abc4e9824c637a9e8c2b634f9a1bc52d6cd8907de898f23e9eb5c5560e9b6d6ccd22f996a5eb2d5a2de21bd8cc127f7874ae82c58868ee2260e8082194e475ae68a4732f973203db07a8ff0a4b782f6c6412e9f3b15ef1b1ea3f91ae59d2a553fbaff00034e692f33bc918a5ccaa0fdd9187eb56ed6fe58ce37e4571d6be275fb4b43ab5b9b5999cee700e0127b8edf5adb99cc6dc1af2eae1e749d99ac64a475fa4dc098171c73838f5ad3f3b298ae47c3574009c337006ee6b76ce6f313793dfa66bceaf4fdeb9699a36ec4c9935a96cd9aca8863915a56b9c0ae49eaee55cd9b19bca8eee5e9e5d9ccdff8e1ff001ae9fe1cfeef4db08ffbb6f1afe4a2b8d72cba36b0e8092ba6cc78fa0aeb7c08e161853fba8a3f4158cd351b8d1ebba7ddc8278d81e42055fc0605417b7199a49659307249663fd6a3d2e4db2a30ec0ff2aa3adc56b736d2c17937910b36598c9b3a1cf53f415e85e53494de970db622bcd674e8b25ef60e319d8dbb1e9d3352585dc57b691dcdbbef8a404a9c119e71d0fd2b95b9bbf87da62e2e352d238e0892ebcd3c7b64ff002a85fe26780ace358a2d6a2d89f2aac36f21503db0b8a78bc1e1a70b61a3394bbb4ad6f457fcc28fb76fdf4ade573b95ee78a78ae63c33e37f0d7886e4dae97a887b8c122292368d980e4edc8c371cf15d1ef1ebf5af1e74650972c958e9b92d578e08e069da35c199fcc90fa9c63f90a799576b31215472493d2b1351f1468d6c4a9bc59d871b601bcfe638fd6aa10a9aa8f5dc1b5d4d86e066bc93e3a78b355b09a1d134bbe3a7a491abdc4e8712302d8da1baa8c771cd755378a6fee18a69fa5103b3ceff00fb2aff008d65dc78624d77535d4f578e29270a117e4c000671c7e35d786853c3d4e6afaaede6542a252bdae7ce5afe9b74d693dec36d2b44817cd9304e32dd49fc866b85d4938271cd7dc8ba0e956fa65c413c117d9e4899260c060a1521b3f857c4bac22ac8ea9ca82707d457d66578e8e2a324959238f1f3739a91899ff38a29fb4fa515e9d99c24128529b514afcbf365b393fe7b547e579912861ce306adb45b7236e3b734d7c84043ab76c01d2ba6d632b99cf6d8001dfed934471b44c248dd9197a1070455b70ec7278fc79a8e485c15dd1be0f723152e370b9a9a7eb10cc561d43e57fe19d47f315b051a31bb21e361f2ba9c835c8c968e304e31d78ab5a5ea575a6b908fbe1ef1b9c8ae3ab86eb1358d4ee7684db5e3399a38a646727e7507bd4f7730c03dba5656977765791ffa2388a4ef13763ed53ceec14ab0208ec6bcba94da9599b27d4d58e57b1d1e4d4dfee31288a7f8cff91fa561db78d758b793cc2b6f2479fb8531c7d455ef88373f62f0de831a36d47b73237b93b7fc4fe75e7125e5c4e3e443b41ea2bb70d84a32a5cf515dbbff00918caa4b9ac8f7bf07f8b74dd6e2288fe45ca0cc90b9e7ea3d4576966e8ca0e180ff0074d7ca3657377677715d5bca629a260cac3a835f437c3bf12c7ade9315c821641f2ca99fb8e3a8fa771f5af0b31cbfd87bf0f87f237854e6dcdff1d25ccbf0ff00c40f6129dd15aa3cc11bac7e7c4181f51cf22bc93c3de33f12e98e82d75abe451fc266247d39af7bb08acaf77dbdf411dc5bcd13452a30eaac307e879ebd8d799eb9f08752b5bc77d16f22bbb5272825056403d0e383f5e2a32fc45082e4a9a7aec7761e50da66f596a3e2dd77434d417c6ec8f223bada1d419243b33918e99383804f3585e1948f56f14db58ebfa918a0989cdc4ae719c71939a5d2be1f789d70af6e107fbc6ba6d2fe165c48c1af6e64c1eab18c7ea735efd6cc3034ece2d2f4ea7a11ad868536bafa189e25d2747b7f3922ba8414660af1b70d83d71e958b68cf776f15bdae9ef2488bb4ba29f98fad7b1e95f0d748b7da4d9abb0ef212dfceba9b0f0bd9dba85489114765515e754cfa946fece2d99cf1a9a4a28f24f0469fe24d32ebed369043012caca245dc5581e08f4af62935dd72f07fa35ac569b860927cc61f4c803f4357edb4cb58b18407156a492cecd034d2c3083d37b019fa7ad78b88c54f133baa69338e7373973499cf7f635f6a0c0ea1753cfce70edf28ff00808e2b52d3c3d6900e1171db02a79357813779484ec0a59a43e58018e14e0fcd8278076e0d675cead7ed7ab6cb095ff49f20f3e5863b0b02adcb1e87aede013dd73db87c8f31c56ad5979e8beeff0080734f15469f535e55b0b040d33c308ec5d80cf6a58ef15db11464a0eae4e3f4ae6a39277b032dcca8c678b4f660ab80199f2e73d4e7dfb6056bc27cab21eae7f4a8ccf26597f2a72bb7ab2b0f89f6f7691cb7c68f100d2bc0f7c564db25cafd9a3e7bbf07f25dc6be4ad4c1392bc67b66bdabf696bb9e7b8d2b4f8651f22493b461b9c92154e3f06fd6bc16f8dcc4c5655638382715ee64b4153c3f3dbe230c4cef3b7623f9bda8aabe737fb5457adcc8e7d4bf1db3383b95723d7934a2c8286033b474246493f41d2af2c87eca36c2eb8f98e49e0f4e47414914d6f2c2a5a42a718391907f3ae8d0c9dc48208e34deb00dabd780dfad56b97df906208a4f19a9e6b98ce163c9047001a8892d90d12f1df3d29abb25e8549514ed041071dbbd519601bb938f615764624f1c7bf7a66e25bcb450cf9e01ee6a648a4ca40490b078f319ec475ad8b2d737810df7dec6049fe35992329e48073fad549ca3fca01cf7039fd2b96ad28cd6a69193474be3d0b73a6689346c4f991185ceec8050fe9c1158b6ceb1a850a028f6aad15c4ed0c76721fdd23974c9c9048c1abd3aac56b1a840f34bcafaff00faab4c345c63af422a6f61b35ba4d1978c7ce3a815abf0f75b6d0bc431a48f8b5ba2239727853fc2df81e3e86b217cdb575df805b240cf51ebed50df451a5c452c80b44581700e32bdff004aac4518d7a6e2d0a0dc59f52e877449539aed7499c4806eaf2bf87d74b71a5c6865f31e10118e73918c8fd3bfb1af42d2d88c006bf3ec7e1e587ad2a52dd1e8529f345491e8da3dbe90f12bdd4f2a367055220703d724d5bd460d3edae36da4e27888cab63047b1f7ae4ece76083e6ab7e793fc5511c5c1d3e4f6693ee5a83bdee6b19a25e86a36ba51d39ac97989c80707d69cb29da3279f5a96db573448e3fe2ef8a357d227d22df4ebd6b58ef05c19b681921026dc3751cb1e9ed4b2cb7f69e18d2751d36591ef6ead0331015a4965620a9766f98e49503903820e770c72df15f57b69fc57a34368f6d792d9db4eb2c64ee54762a30dcf04609c75c8152e91aaf8a754789cda5b6971c5682232a2ec9e655e426fc17009e78c57e93c3eb0b87cabdad5b464e4f57a3b7e6fe47858d55a78be58ddc6db799dfc9a9e93657134d84b31b2de3824ba88eeb84c2b128bf7ddb0001c6015ce79358575e27bb6bb692d10c9209e59236986d55dd80b9894924aaf019997bf1591a5f86a59af52fe68c17858c9bf95507bb33124b74e7713dea87887c69e13f0dc8e22c6b17c33fbbb53b6053fed49d3fef9068af9f51bf261a2e6fee5fd7dc5d3c0cdeb51d91d578674ed52feeedeff0056d4a5b9683063b689764106060600e0f07ae074adaf1af89acb40b708d89ae02e23854f24fa93d87f3ed5e1137c5ff16bc92f90f656b1bfcd1f9500fdd8e3819ce7ea7279ebdab99d53c55ab6a53cb2cb72dfbc0771cfcdce3a9eb9ed5e354c2d7c756f698b7a2e8bf2feb53be138518f2d3459f18eaf3eb3ac5e5c5d5cfda1a590aedde7031d00f403b572fb5f1e5cc7ce507857e4e3d0375ab0d72491b801c6005017f977f7a6f99d100238cf271c7f5af5e318c55a3a2399ddee52fb2dbffcf8c9ff007f47f851573cd93dbfefb1453b0ae62bdc484b2accc0372ca09c67d714b13111f96643b3390b9e3eb54c75c934f0e71904f3da8bf70668c72c79248e3a7cb4e7951c1036e31d8d66127a1ea7d3b51c01c13cd5a958868b0e62593272573ce2abcd20321d89b50f6ef42a333860e0007392687562adb9fb9c0a1bb82d08880c78c0a6b7d9e30c4ee690f4c9e29d84dbc924f6ff00f5543328da7a93ee79a8652643b97ed21b6f24f53d6ba84b1fb45e5877135abb2fb61b07f957232318ce4819aecf45bd8d74cb1bb3feb2cee0abf1ff002c9c01fa103f3adf08a376a4675dbb268ca460d72f60d280b33158dd46e00e78e7d0f4aa33ed7b6963ceed99c11e957fc531c29aa3496f1f94830c817a0e3b7e3cd52d4df37d336d0aafce077c8ce7f5a75572ca517d050d5267a5fc1dd63c9b8b08a66c25dc460249fe35c953f96e1f88af74d3bb57cb7e199244d0619217d93c52ef89bd195830fd6bdf7c09e2bb0d56de35965105ce3e68a43820fb7ad7cb71160a7270c44568d2bfc8eac2d45ac3ccf43b66200ab4accc401c9acf8e78047b8ca8001d49c57957c5ef1fba5c2f87b43bb223dbbaf6e207e493d22047b7271ea07620fcd617053af514227739a8abb3d896442c70cac54e0e0e71ec6a647e40f4af9c3e14f8ab4ff0e6a97d77a8cd2ac734017cb8d0b177dc0e7d3d793eb5d3eb3f1a6340574ad25dc8e925c49b40ff0080ae7f9d7a53caaba9f2455d7725568daecee3551e12d16f2e2eb54d4b4fb59a799a4312e1a662493f747cd9fad71baffc58d2b4c2f0f877447b87048f3af8ed507d914e4fe247d2bc7f5dd6ef759d56e352bbf9a69df7c8c06d51d0003e9800566bb64fcec4fafa66bd6c3e4d04af5a4e4ff0319e21ed14751e28f1d788bc4a18ea5a94b25b29e2de2c242a7fdd5c03f8e4d733f6a0cf866ebd49cf15147850492391d87e955de2cbef400e73c9ed5ec53a50a6b960ac8e77272d597fcd3824281bfd4f2298d336de08f7c75acb69ee61b81182547272c78ad088ab8c160a38249e82aec04a92fcdc0c63b0153c7282a414273d0ee3c74e47f2aa2ee7276938c71409063e62768e39349b196fcd1fdc3fa514dfb3dcff00cf9dc7fdfb345170b18e1bda9c5f71c95038ec314d88027038a45cb3e07049eb56412609c740682bd3ae68236e31e99a4dc6a9210fde54018cfe14ecacbd47d4fad45f5e722a54db9208c815495c42326788c2e00eb8aaed1823241c7d2b5522568ce062aab7ef0f38c93e94dc4499977119d84818ed8ab1a1de1884903f28ebb187b1a99e25524e33b73c1ef596ff00249b94f538350bdd771bd558d5b9b95688453b0217bf5e2b365b8134f238e858e39cf60289262f1ec75070783dea28541dd8180bc01fd68936dd812d0eb3c28abfd8a84a33fcedc0e9d7d6ba3b39f085495db8c6d5e83dab9bf0e93ff08fc09db2c48f5e4d5f69192dccbce00e14715ea516a34d7a1c92d64cb5aedcec58846edf37279247f8564233385da0900727a0fcea0b8b97b96dce00da3000a5123c997918b11ea6bcdadcb29b71563ae09a8d99233ae38e839e3b7f9e6a373f3e32571c118e69139239c6ea6f1c11fad6562c59e4c90ad2bb900000af41e9d7a7ff005a8dc9b77100e3e619a8e6c02ad83918e73cff009e2a4b89848ef208d1371dc428c0e7b0f4a6900cdee0e5100fd3f0a9887450028055b8c546ec51c83f373f4a69760720e0d0c06dca33c7821370f5edefd3f1a9e2b38668e402f54f968182aa1009fee8cfbf7a8d49d8cb93c739a0c7e4c71b16dc5803c71f87e952509240eb180ca067249de09fc7078a8bf842ede46727f1a73b9cb7d4838f6a6a83b4b83ed49821ff002ff707e5452e0fafe9452d0763ffd9, 4);

-- --------------------------------------------------------

--
-- Struktura tabulky `tickets`
--

CREATE TABLE IF NOT EXISTS `tickets` (
  `ID` int(10) unsigned NOT NULL AUTO_INCREMENT,
  `UPLOADEDBY` int(11) NOT NULL,
  `BADGENUMBER` int(11) NOT NULL,
  `VRP` varchar(10) NOT NULL,
  `VRPCOLOR` varchar(15) NOT NULL,
  `IVRC` varchar(3) NOT NULL,
  `DATE` datetime NOT NULL,
  `CITY` varchar(50) NOT NULL,
  `STREET` varchar(255) NOT NULL,
  `HOUSENUMBER` int(10) unsigned NOT NULL,
  `LOCATION` varchar(255) NOT NULL,
  `VEHICLETYPE` varchar(50) NOT NULL,
  `VEHICLEBRAND` varchar(50) NOT NULL,
  `MOVEABLEDZ` tinyint(1) NOT NULL,
  `TOW` tinyint(1) NOT NULL,
  `LAW_COLLECTION` smallint(5) unsigned NOT NULL,
  `LAW_LAWNUMBER` smallint(5) unsigned NOT NULL,
  `LAW_LETTER` varchar(2) NOT NULL,
  `LAW_PARAGRAPH` smallint(5) unsigned NOT NULL,
  `LAW_RULEOFLAW` smallint(5) unsigned NOT NULL,
  PRIMARY KEY (`ID`),
  KEY `FKTICKETSUPLOADEDBY` (`UPLOADEDBY`),
  KEY `FKTICKETSBADGENUMBER` (`BADGENUMBER`)
) ENGINE=InnoDB  DEFAULT CHARSET=cp1250 COMMENT='Tabulka s parkovacími lístky.' AUTO_INCREMENT=17 ;

--
-- Vypisuji data pro tabulku `tickets`
--

INSERT INTO `tickets` (`ID`, `UPLOADEDBY`, `BADGENUMBER`, `VRP`, `VRPCOLOR`, `IVRC`, `DATE`, `CITY`, `STREET`, `HOUSENUMBER`, `LOCATION`, `VEHICLETYPE`, `VEHICLEBRAND`, `MOVEABLEDZ`, `TOW`, `LAW_COLLECTION`, `LAW_LAWNUMBER`, `LAW_LETTER`, `LAW_PARAGRAPH`, `LAW_RULEOFLAW`) VALUES
(1, 123456, 123456, 'SMJ4788', 'Bílá', 'CZ', '2012-05-05 00:00:00', 'Praha', 'BENÁČANOVA', 123, 'Lampa 11458', 'OA - Osobní automobil', 'Audi', 0, 0, 2006, 133, 'a', 1, 6),
(2, 123456, 123456, 'AET4789', 'Bílá', 'CZ', '2012-05-05 12:00:00', 'Praha', 'BENÁKOVA', 124, 'Lampa 11459', 'OA - Osobní automobil', 'Škoda', 0, 0, 2001, 107, 'b', 2, 7),
(3, 234567, 234567, '7T71986', 'Bílá', 'CZ', '2012-05-20 00:00:00', 'Praha', 'BENÁTSKÁ', 125, 'Lampa 11460', 'NA - Nákladní automobil', 'Nissan', 0, 0, 1997, 365, 'c', 3, 8),
(4, 123456, 234567, '4M63854', 'Bílá', 'CZ', '2012-05-20 12:00:00', 'Praha', 'BENDLOVA', 126, 'Lampa 11461', 'OA - Osobní automobil', 'Opel', 1, 1, 2006, 133, 'a', 1, 6),
(5, 123456, 234567, '4B86842', 'Bílá', 'CZ', '2012-05-21 00:00:00', 'Praha', 'BENDOVA', 127, 'Lampa 11462', 'NA - Nákladní automobil', 'Peugeot', 1, 1, 2001, 107, 'b', 2, 7),
(6, 345678, 345678, '4B03867', 'Bílá', 'CZ', '2012-05-22 12:00:00', 'Praha', 'BENECKÁ', 128, 'Lampa 11463', 'OA - Osobní automobil', 'Porsche', 1, 1, 1997, 365, 'c', 3, 8),
(7, 345678, 345678, '4A13434', 'Bílá', 'CZ', '2012-05-23 00:00:00', 'Praha', 'BENEDIKTSKÁ', 129, 'Lampa 11464', 'OA - Osobní automobil', 'Toyota', 0, 0, 2006, 133, 'a', 1, 6),
(8, 345678, 456789, '3T66222', 'Bílá', 'CZ', '2012-05-24 12:00:00', 'Praha', 'BENEŠOVSKÁ', 130, 'Lampa 11465', 'OA - Osobní automobil', 'Jaguar', 0, 1, 2001, 107, 'b', 2, 7),
(9, 456789, 456789, '3P10125', 'Bílá', 'CZ', '2012-05-24 00:00:00', 'Praha', 'BENICE', 131, 'Lampa 11466', 'OA - Osobní automobil', 'Honda', 1, 0, 1997, 365, 'c', 3, 8),
(10, 456789, 456789, '3H15635', 'Bílá', 'CZ', '2012-05-25 12:00:00', 'Praha', 'BENICKÁ', 132, 'Lampa 11467', 'OA - Osobní automobil', 'GMC', 0, 0, 2006, 133, 'a', 1, 6),
(11, 654321, 654321, '2U36647', 'Bílá', 'CZ', '2012-05-05 12:00:00', 'Brno', 'BOLEVECKÁ', 987, 'Lampa 29896', 'NA - Nákladní automobil', 'Ford', 0, 0, 2001, 107, 'b', 2, 7),
(12, 876543, 876543, '2TO8760', 'Bílá', 'CZ', '2012-05-20 00:00:00', 'Brno', 'BOLOŇSKÁ', 986, 'Lampa 29897', 'OA - Osobní automobil', 'Škoda', 0, 0, 1997, 365, 'c', 3, 8),
(13, 654321, 876543, '2T75674', 'Bílá', 'CZ', '2012-05-20 12:00:00', 'Brno', 'DAČICKÁ', 985, 'Lampa 29898', 'OA - Osobní automobil', 'Opel', 0, 0, 2006, 133, 'a', 1, 6),
(14, 765432, 765432, '1P50704', 'Bílá', 'CZ', '2012-05-21 00:00:00', 'Brno', 'DRTIKOLOVA', 984, 'Lampa 29899', 'OA - Osobní automobil', 'Toyota', 0, 1, 2001, 107, 'b', 2, 7),
(15, 765432, 765432, '1M83313', 'Bílá', 'CZ', '2012-05-22 12:00:00', 'Brno', 'DUBSKÁ', 983, 'Lampa 29900', 'OA - Osobní automobil', 'Daewoo', 0, 1, 1997, 365, 'c', 3, 8),
(16, 765432, 765432, '1M34567', 'Bílá', 'CZ', '2012-05-23 00:00:00', 'Brno', 'DÝŠINSKÁ', 982, 'Lampa 29901', 'OA - Osobní automobil', 'Škoda', 0, 0, 2006, 133, 'a', 1, 6);

--
-- Omezení pro tabulku `associations`
--
ALTER TABLE `associations`
  ADD CONSTRAINT `FKASSOCDEVV` FOREIGN KEY (`DEVICE`) REFERENCES `mobiledevices` (`ID`),
  ADD CONSTRAINT `FKASSOCPOLICEMAN` FOREIGN KEY (`POLICEMAN`) REFERENCES `policemen` (`ID`);

--
-- Omezení pro tabulku `geolocation`
--
ALTER TABLE `geolocation`
  ADD CONSTRAINT `FKGEOLOCATIONBADGENUMBER` FOREIGN KEY (`BADGENUMBER`) REFERENCES `policemen` (`BADGENUMBER`);

--
-- Omezení pro tabulku `mobiledevices`
--
ALTER TABLE `mobiledevices`
  ADD CONSTRAINT `FKMOBILEDEVICESOFFICE` FOREIGN KEY (`OFFICE`) REFERENCES `offices` (`ID`);

--
-- Omezení pro tabulku `offices`
--
ALTER TABLE `offices`
  ADD CONSTRAINT `FKOFFICECHIEF` FOREIGN KEY (`CHIEF`) REFERENCES `policemen` (`ID`);

--
-- Omezení pro tabulku `policemen`
--
ALTER TABLE `policemen`
  ADD CONSTRAINT `FKPOLICEMENOFFICE` FOREIGN KEY (`OFFICE`) REFERENCES `offices` (`ID`);

--
-- Omezení pro tabulku `ticketphotos`
--
ALTER TABLE `ticketphotos`
  ADD CONSTRAINT `FKPHOTOSTICKET` FOREIGN KEY (`TICKET`) REFERENCES `tickets` (`ID`);

--
-- Omezení pro tabulku `tickets`
--
ALTER TABLE `tickets`
  ADD CONSTRAINT `FKTICKETSBADGENUMBER` FOREIGN KEY (`BADGENUMBER`) REFERENCES `policemen` (`BADGENUMBER`),
  ADD CONSTRAINT `FKTICKETSUPLOADEDBY` FOREIGN KEY (`UPLOADEDBY`) REFERENCES `policemen` (`BADGENUMBER`);
